15:49:58, Boot
15:49:58, Waiting 20 seconds
15:50:18, Going down
15:50:18, 0, 2, 1.010237420358379, 30.775239922383335
15:50:18, -7, 19, 1.009978385637818, 30.78179652746243
15:50:19, -3, 13, 1.0098447993073625, 30.786823249331064
15:50:19, -5, 10, 1.0095483522539819, 30.79032009487724
15:50:20, -3, 10, 1.0099165862700643, 30.789227331036237
15:50:20, -4, 10, 1.010161346672756, 30.794847255563365
15:50:21, -4, 17, 1.0096682712617309, 30.796595674604177
15:50:22, -4, 16, 1.0099278804692768, 30.797220109754708
15:50:22, -4, 16, 1.0098543210707749, 30.797313775017248
15:50:23, -3, 14, 1.009969655533786, 30.80209069993347
15:50:23, -3, 12, 1.0097320369305183, 30.80234047359787
15:50:24, -3, 13, 1.0094391252878834, 30.80084183133207
15:50:24, -5, 12, 1.0094931995126968, 30.804307440554112
15:50:25, -4, 13, 1.0097898415426552, 30.808522365856334
15:50:43, Boot
15:50:43, Waiting 20 seconds
15:51:03, Going down
15:51:03, 0, 1, 1.0127848866196967, 30.971713950733974
15:51:04, -2, -4, 1.0140776038018875, 30.958913673790956
15:51:04, -1, -4, 1.013624626916934, 30.91920128374113
15:51:05, -1, -2, 1.014293332895273, 30.86849861708455
15:51:05, 0, -1, 1.0145228539442057, 30.815078905783594
15:51:06, -2, -2, 1.0141081219214083, 30.761408565763706
15:51:06, -2, -2, 1.0138440045276542, 30.710797178035136
15:51:07, -1, -2, 1.013975601679038, 30.668240558127728
15:51:08, -1, -1, 1.0132569181427526, 30.621374571972993
15:51:08, 0, -1, 1.013702672533433, 30.582188983628146
15:51:09, 1, -1, 1.013434138603499, 30.538288090810966
15:51:09, 3, -1, 1.0129167588761758, 30.502879696944582
15:51:10, 6, -1, 1.012641668055244, 30.46850134799024
15:51:10, 8, -1, 1.0140135619045534, 30.437682310205272
15:51:11, 9, -1, 1.0159030309473105, 30.409579597004775
15:51:11, 9, 0, 1.0186317331856793, 30.384505532783805
15:51:12, 6, 0, 1.022926729759333, 30.356308695917104
15:51:13, 4, 0, 1.0283160397895623, 30.32923576212488
15:51:13, 2, 1, 1.0342288622170424, 30.2951991220325
15:51:14, 1, 2, 1.039563731897997, 30.254229790227836
15:51:14, 1, 2, 1.0446457332440984, 30.209918645635334
15:51:15, 1, 2, 1.049654807763505, 30.172289623687394
15:51:15, 3, 1, 1.0548451790001834, 30.132286855612037
15:51:16, 5, 2, 1.0593924676519684, 30.099434888770194
15:51:16, 6, 3, 1.065614655391916, 30.058400705915265
15:51:17, 6, 3, 1.0725989622339767, 30.024736061948207
15:51:18, 5, 4, 1.0813964613531795, 29.986168081052018
15:51:18, 3, 4, 1.0899997248662765, 29.949254828542472
15:51:19, 2, 3, 1.0991576011064075, 29.91724427615278
15:51:19, 2, 2, 1.1070971682410464, 29.88204793049954
15:51:20, 2, 2, 1.114115432076416, 29.84794428644469
15:51:20, 3, 2, 1.1217177617308165, 29.817088309442624
15:51:21, 3, 3, 1.1292564991924827, 29.787356370538472
15:51:21, 3, 3, 1.1354952699665888, 29.761496864666697
15:51:22, 4, 4, 1.1426026006495558, 29.73398188147097
15:51:23, 9, 7, 1.1460604001473935, 29.706123121238633
15:51:23, 16, 7, 1.147769960255273, 29.677452092571038
15:51:24, 18, 11, 1.152201401994051, 29.65240378182367
15:51:24, 14, 11, 1.1605729204128532, 29.629447871297597
15:51:25, 6, 7, 1.168599968689645, 29.605648516429937
15:51:25, 3, 5, 1.174765060627902, 29.58341064630018
15:51:26, -2, 1, 1.1801526525389234, 29.5579868331179
15:51:26, 0, 3, 1.1836605684807622, 29.53787252487382
15:51:27, 1, 5, 1.1836340551987394, 29.516539982221875
15:51:27, 1, 4, 1.1834431255742435, 29.497987118786988
15:51:28, 1, 3, 1.1827622849833954, 29.478091088840156
15:51:29, 0, 4, 1.1828922574598506, 29.460818615432217
15:51:29, -1, 5, 1.1838831398337009, 29.447731456062176
15:51:30, -1, 8, 1.1848485603022207, 29.42652327785254
15:51:30, 0, 9, 1.1846396165410984, 29.411249558296404
15:51:31, 2, 10, 1.1841210821676118, 29.394945020133164
15:51:31, 2, 5, 1.1838003808037734, 29.377047418546717
15:51:32, 2, 6, 1.1838561935514342, 29.36227323564177
15:51:32, 5, 5, 1.1821764223371185, 29.347436517091555
15:51:33, 8, 8, 1.1772402458332245, 29.331350316470488
15:51:34, 6, 6, 1.1763864138494353, 29.30842344276083
15:51:34, 5, -1, 1.1781394108740175, 29.29093144456332
15:51:35, 2, -7, 1.1796041677182125, 29.275594635335583
15:51:35, 0, -7, 1.1815515939543935, 29.265255524755922
15:51:36, 0, -8, 1.1820967211396645, 29.253104686369042
15:51:36, -1, -8, 1.1806135736735548, 29.24123493025414
15:51:37, 0, -7, 1.1795450767629607, 29.235862289985963
15:51:37, 1, -8, 1.1799441014724785, 29.222743015939923
15:51:38, 0, -8, 1.1799581031039355, 29.21505884587168
15:51:39, 0, -8, 1.1797305072658923, 29.20559417316632
15:51:39, 0, -8, 1.1797057393729535, 29.19606700038872
15:51:40, 0, -8, 1.1798039654350205, 29.18916368778795
15:51:40, 0, -8, 1.1803867833487172, 29.181823045672935
15:51:41, 0, -8, 1.1799958470658338, 29.172358279139154
15:51:41, 0, -8, 1.1803186332004783, 29.167547793497796
15:51:42, 0, -8, 1.1799989771525097, 29.163580699496524
15:51:42, 0, -8, 1.179991712545995, 29.152366605237475
15:51:43, 0, -8, 1.1801404889525469, 29.145838048407896
15:51:44, 1, -7, 1.1797034628068943, 29.139371953275404
15:51:44, 3, -6, 1.1781228045748215, 29.133655539946485
15:51:45, 9, -4, 1.173850341764928, 29.126845810800877
15:51:45, 11, -5, 1.169645275390986, 29.120879477108247
15:51:46, 13, -25, 1.1651251890438186, 29.114225909211527
15:51:46, 17, -19, 1.147983222982435, 29.10885306540513
15:51:47, 14, -27, 1.126619993977491, 29.098575915766414
15:51:47, 13, -40, 1.1004136066858932, 29.08973566762157
15:51:48, 25, -41, 1.0665770653691091, 29.081207773648202
15:51:49, 23, -40, 1.0251116361186499, 29.071711485236882
15:51:49, 22, -33, 1.0073296117317294, 29.068181608016456
15:51:50, 26, -32, 1.0073928714086577, 29.058841472489295
15:51:50, 22, -37, 1.0074424285979757, 29.052781303747906
15:51:51, 19, -42, 1.0076903485627133, 29.052593875674066
15:51:51, 38, -42, 1.0075644722500856, 29.047689504017907
15:51:52, 31, -40, 1.007721856356513, 29.04050474277916
15:51:52, 29, -45, 1.0071276905876885, 29.036818641907157
15:51:53, 21, -44, 1.0073259672515562, 29.03522549536079
15:51:54, 20, -44, 1.007745342775294, 29.031633103311616
15:51:54, 23, -36, 1.0071374130332953, 29.023761065536963
15:51:55, 28, -35, 1.0072370474923142, 29.018513030086034
15:51:55, 24, -38, 1.0073921984615957, 29.014327091158922
15:51:56, 21, -38, 1.0072336713210754, 29.00792321925459
15:51:56, 16, -41, 1.0069798422417042, 29.008516749359988
15:51:57, 15, -30, 1.007416973300062, 29.00373726710677
15:51:57, 20, -27, 1.0070961594365169, 29.00354983629135
15:51:58, 21, -26, 1.0072725974663757, 29.001019519257678
15:55:11, Boot
15:55:11, Waiting 20 seconds
15:55:31, Going down
15:55:31, 4, 1, 1.0122827780548964, 29.60589837930107
15:55:32, 7, 2, 1.0124939649761573, 29.58675258283256
15:55:32, 7, 2, 1.0131275959666997, 29.568137641606008
15:55:33, 8, 2, 1.0120859918639489, 29.55064699859926
15:55:34, 10, 3, 1.0121434539856113, 29.533593533792153
15:55:34, 11, 3, 1.011914938338673, 29.51444732431264
15:55:35, 12, 2, 1.0118252628442912, 29.49820575582271
15:55:35, 15, 2, 1.012239651416901, 29.47868453571209
15:55:36, 16, 2, 1.011574397332589, 29.463348585455098
15:55:36, 18, 1, 1.0115673274646817, 29.449824155622483
15:55:37, 21, 1, 1.0122347449889673, 29.438860894166282
15:55:37, 23, 1, 1.012304706140832, 29.42789759685387
15:55:38, 25, 1, 1.0156146895525175, 29.417840067499636
15:55:39, 24, 1, 1.0192904340258806, 29.408375967288737
15:55:39, 21, 2, 1.0250005889212532, 29.39881813599728
15:55:40, 18, 1, 1.0314602303876077, 29.38897916355505
15:55:40, 17, 4, 1.0383921765333788, 29.380327090909706
15:55:41, 18, 7, 1.045766067228145, 29.367614438244928
15:55:41, 17, 9, 1.0536764126393503, 29.352496626375796
15:55:42, 17, 11, 1.0620695825945434, 29.33940904410032
15:55:42, 17, 13, 1.0695213824472838, 29.32610276248306
15:55:43, 19, 12, 1.0769555838230263, 29.313233726264443
15:55:44, 20, 12, 1.0843121105774198, 29.297490954583044
15:55:44, 21, 15, 1.0927584085173525, 29.286777081579057
15:55:45, 18, 18, 1.103860366610837, 29.27156519723998
15:55:45, 16, 18, 1.1144002129756014, 29.26353754256721
15:55:46, 16, 16, 1.1241797920806522, 29.254073006724358
15:55:46, 17, 16, 1.1319318067379056, 29.242421907756796
15:55:47, 18, 19, 1.1402414541704926, 29.230083568458795
15:55:47, 17, 21, 1.1481716191108193, 29.221462322151638
15:55:48, 16, 18, 1.156247080053887, 29.2149651363719
15:55:49, 16, 13, 1.1636471898884537, 29.206218904861597
15:55:49, 17, 14, 1.1699775676864883, 29.195192373334283
15:55:50, 17, 17, 1.177044384236581, 29.187414429849014
15:55:50, 21, 18, 1.1814462840495192, 29.18041738896631
15:55:51, 23, 17, 1.178120277459637, 29.171858488744473
15:55:51, 27, 16, 1.177519946433161, 29.16526749594472
15:55:52, 12, 1, 1.1692098210701392, 29.155084230409557
15:55:52, 0, -7, 1.1332106792745495, 29.14455732524162
15:55:53, -9, -6, 1.0886574032004876, 29.13440523405312
15:55:54, -11, 0, 1.0512499095232861, 29.121098138739907
15:55:54, -20, 8, 1.0305134769395066, 29.110821026635822
15:55:55, -26, -6, 1.012535474455178, 29.103542688066227
15:55:55, -27, -4, 1.0150314467031323, 29.094421314417705
15:55:56, -21, -9, 1.0147476240359636, 29.08973566762157
15:55:56, -14, -16, 1.0142831586772538, 29.085643530729577
15:55:57, -11, -22, 1.0183770033735737, 29.07845885082148
15:55:57, -11, -26, 1.0239051899953677, 29.0735232791811
15:55:58, -13, -28, 1.032023652371485, 29.06877512745501
15:55:59, -17, -28, 1.042030264092971, 29.06983721460914
15:55:59, -20, -27, 1.0518218991441, 29.063745827833046
15:56:00, -22, -25, 1.0604705352615194, 29.056935956694506
15:56:00, -22, -26, 1.0683325268396993, 29.05609253132483
15:56:01, -20, -26, 1.0750084274773752, 29.051594259103293
15:56:01, -18, -28, 1.0812268648765035, 29.049157692463485
15:56:02, -17, -30, 1.0870396040908055, 29.0470335047174
15:56:02, -16, -31, 1.094062910523417, 29.04509674412897
15:56:03, -17, -32, 1.1017815993648152, 29.037911977334296
15:56:04, -20, -34, 1.1112415876290296, 29.038724169135094
15:56:04, -24, -34, 1.1214062151525674, 29.038099406228866
15:56:05, -27, -35, 1.130011930258694, 29.035444162578642
15:56:05, -27, -34, 1.1373958296094906, 29.03225786742274
15:56:06, -26, -32, 1.1435177942202708, 29.03013366896994
15:56:06, -25, -32, 1.1486323960346614, 29.026478794952855
15:56:07, -23, -33, 1.1541339962674293, 29.026322603666777
15:56:07, -23, -34, 1.1597435292666403, 29.0238235421
15:56:08, -23, -35, 1.1668105877034989, 29.0234799209889
15:56:09, -38, -36, 1.175268124775799, 29.02413592489771
15:56:09, -30, -35, 1.1770161622270543, 29.01751340335453
15:56:10, -29, -36, 1.1737341884327832, 29.015201765396487
15:56:10, -30, -37, 1.1741848121184806, 29.014795666671706
15:56:11, -34, -35, 1.1765060733804096, 29.011172014334587
15:56:11, -36, -31, 1.178662352260742, 29.012109166176526
15:56:12, -35, -30, 1.178984881007082, 29.007767027104126
15:56:12, -32, -30, 1.1778302116134778, 29.008735418319702
15:56:13, -30, -36, 1.1763720111516043, 29.008235603533684
15:56:14, -31, -38, 1.176097537538716, 29.004330797953152
15:56:14, -31, -38, 1.1767349367453914, 29.00126942719784
15:56:15, -31, -39, 1.1766491125420353, 29.004986805608496
15:56:15, -31, -37, 1.177112435736586, 29.000613418815192
15:56:16, -31, -37, 1.1763805333885529, 29.000363510826137
15:56:16, -31, -36, 1.1769104846528644, 28.99855167734844
15:56:17, -31, -33, 1.176971759105984, 29.000363510826137
15:56:17, -31, -31, 1.1768999440383536, 28.996583650220273
15:56:18, -31, -33, 1.1768271344730723, 28.995521539861656
15:56:19, -30, -33, 1.1766174935183962, 28.99908273208988
15:56:19, -30, -33, 1.1762751919410377, 28.995896402379586
15:56:20, -30, -35, 1.175988983025281, 28.9933036024397
15:56:20, -30, -35, 1.1761474339668334, 28.99114814072251
15:56:21, -30, -33, 1.1761695080907113, 28.992366445341613
15:56:21, -31, -28, 1.177193595687036, 28.994240759275854
15:56:22, -31, -30, 1.1771782574679985, 28.989992312854156
15:56:22, -31, -32, 1.1763897795940175, 28.990523368951255
15:56:23, -31, -34, 1.1764807871057037, 28.988024280702085
15:56:23, -35, -28, 1.1762670324165219, 28.987461985589324
15:56:24, -36, -32, 1.1783440847134006, 28.989180109248846
15:56:25, -36, -33, 1.1787785332933305, 28.98671225862563
15:56:25, -33, -31, 1.1776576209835536, 28.987899326240733
15:56:26, -31, -29, 1.1761549846586605, 28.985931292860187
15:56:26, -32, -29, 1.1758513732816245, 28.98474422454834
15:56:27, -32, -35, 1.1764596191812806, 28.98433812213465
15:57:36, Boot
15:57:36, Waiting 20 seconds
15:57:56, Going down
15:57:57, -3, 6, 1.0066228187790667, 29.140090408905962
15:57:57, -4, 5, 1.0067514255207868, 29.148930524280296
15:57:58, -2, 9, 1.007354900613807, 29.14786846218107
15:57:58, -3, 8, 1.006958856539271, 29.15024248287955
15:57:59, 0, 6, 1.007011006123016, 29.15586515677569
15:57:59, -3, 2, 1.0067555854014532, 29.15848906803352
15:58:00, -3, 0, 1.0072332064091947, 29.16005091899773
15:58:00, -4, 2, 1.0069537279716891, 29.157145875622373
15:58:01, -5, 0, 1.0068829097347363, 29.16148782124219
15:58:02, -5, 0, 1.0071299157299887, 29.162612353003933
15:58:02, -3, 1, 1.0069422017118854, 29.16508007415905
15:58:03, -4, 1, 1.0070119719551427, 29.169734378735885
15:58:03, -4, 1, 1.0071054117612188, 29.172858069459327
15:58:04, -4, 2, 1.006688694060715, 29.172701884992275
15:58:04, -6, 2, 1.0067378117148587, 29.17482599312076
15:58:05, -7, 2, 1.0068838498703374, 29.175388256811857
15:58:05, -10, 3, 1.0069551063505193, 29.178043389634695
15:58:06, -12, -3, 1.0066286736127168, 29.1776685474813
15:58:06, -16, -3, 1.007065122382, 29.181604388001723
15:58:07, -15, -7, 1.0070807927211856, 29.183259938586126
15:58:08, -13, -5, 1.0071708746831298, 29.183322412177077
15:58:08, -13, -7, 1.0070500311344588, 29.186758457886608
15:58:09, -10, -5, 1.0069443711373556, 29.184915488353
15:58:09, -2, 1, 1.0066392352929496, 29.18619619610239
15:58:10, 6, -3, 1.006564009027289, 29.18888255710932
15:58:10, 7, -4, 1.006564264391442, 29.18853895291453
15:58:11, 10, -4, 1.0065703153427992, 29.187976691428922
16:01:22, Boot
16:01:22, Waiting 20 seconds
16:01:42, Going down
16:01:42, 1, 9, 1.0096669939241385, 29.220650174617766
16:01:43, 5, 5, 1.010591693186383, 29.211872721409744
16:01:43, 5, -5, 1.013115614506454, 29.20390739700757
16:01:44, 2, -12, 1.014761078913598, 29.195379793436587
16:01:44, 2, -10, 1.0173838775292017, 29.182853860216564
16:01:45, 1, -8, 1.018395591139332, 29.178105863322852
16:01:45, 0, -6, 1.0193537910613588, 29.169390772578627
16:01:46, -4, -6, 1.020685295176317, 29.158457831006817
16:01:47, -9, -5, 1.022632117407768, 29.153459902985343
16:01:47, -13, -6, 1.026505113125308, 29.140590204036418
16:01:48, -18, -7, 1.0296061594255261, 29.135998333473108
16:01:48, -21, -7, 1.033154031438129, 29.136810501513537
16:01:49, -22, -7, 1.0353456183656282, 29.127689218372108
16:01:49, -22, -7, 1.0377366942590456, 29.123284754272174
16:01:50, -21, -7, 1.0397108142859317, 29.119067708754446
16:01:50, -21, -8, 1.0427679514297108, 29.112320424893404
16:01:51, -20, -8, 1.0463827949606064, 29.105229514720705
16:01:52, -21, -9, 1.0522617202299738, 29.106666440460685
16:01:52, -24, -7, 1.0589051709839823, 29.101481009891575
16:01:53, -26, -7, 1.0670854321605525, 29.09720146175474
16:01:53, -28, -7, 1.075833435897363, 29.094483789664082
16:01:54, -27, -8, 1.0841326951676533, 29.088423685345187
16:01:54, -26, -9, 1.0920874321728418, 29.08373803016715
16:01:55, -25, -8, 1.0998753805063415, 29.085206202827393
16:01:55, -24, -7, 1.1086677958575786, 29.08289461153967
16:01:56, -25, -8, 1.1186161868105318, 29.0774280041804
16:01:56, -25, -9, 1.1288782018514258, 29.0751476453332
16:01:57, -25, -7, 1.1394344710922781, 29.06949359821374
16:01:58, -24, -4, 1.1512615749425144, 29.067681802091975
16:01:58, -24, -1, 1.1624700691414491, 29.063464686637744
16:01:59, -26, -3, 1.1731653879291326, 29.060590797511395
16:01:59, -40, 6, 1.184474037721689, 29.058747758623067
16:02:00, -35, 5, 1.1829659066373193, 29.055623961583333
16:02:00, -34, 5, 1.1811326446616015, 29.04837674124268
16:02:01, -35, 5, 1.181774671030493, 29.048220550976694
16:02:01, -35, 4, 1.1830835657963485, 29.041316933951894
16:02:02, -32, 6, 1.1834431317642615, 29.04369103009798
16:02:03, -29, 5, 1.183162699625062, 29.0404735046532
16:02:03, -28, 7, 1.183682436397241, 29.035725306123496
16:02:04, -26, 7, 1.1834526332513349, 29.032663964032544
16:02:04, -25, 7, 1.1834534119064775, 29.03044605117975
16:02:05, -23, 7, 1.1827347799611962, 29.02435459283879
16:02:05, -21, 6, 1.1814615911843767, 29.025978982811793
16:02:06, -19, 6, 1.181603466114242, 29.022886393532243
16:02:06, -15, 5, 1.1787823895177236, 29.02273020207882
16:02:07, -13, 4, 1.1765823281434127, 29.018200646764452
16:02:08, -13, 3, 1.1755704866657923, 29.0135148934483
16:02:08, -16, 2, 1.1761560643957378, 29.013608608578796
16:02:09, -19, 3, 1.1784374120048333, 29.011296967928647
16:02:09, -20, 6, 1.1818891947918135, 29.011109537535813
16:02:10, -16, 10, 1.1836366134327811, 29.005830243833916
16:02:10, -17, 9, 1.1856694259859164, 29.00554909778235
16:02:11, -14, 8, 1.1849492835332984, 29.003830982510554
16:02:11, -10, 5, 1.1811039059045783, 29.00261268205708
16:02:12, -6, 1, 1.1760036661524593, 28.99930140166485
16:02:13, -5, -4, 1.1717136687370988, 28.9977082372921
16:02:13, -7, -4, 1.1692927244042268, 28.997052228212706
16:02:14, -13, -4, 1.1696656155772909, 28.99374094232917
16:02:14, -18, -1, 1.1722600807397079, 28.997083466743206
16:02:15, -23, -3, 1.1756167731471192, 28.99489676890531
16:02:15, -28, 1, 1.1797565057882857, 28.991554242311395
16:02:16, -32, 5, 1.184424882413475, 28.989836119868414
16:02:16, -25, 4, 1.1857592886564556, 28.98996107425759
16:02:17, -17, 5, 1.1825112670633762, 28.98761817868566
16:02:18, -15, 6, 1.181363078034684, 28.986368633711244
16:02:18, -18, 2, 1.1806872113210056, 28.986930929007357
16:02:19, -19, 2, 1.1785871512522261, 28.986556065487093
16:02:19, -17, 6, 1.1783355241567073, 28.98174531325698
16:02:20, -17, 7, 1.1783588518005546, 28.979527366722323
16:02:20, -18, 10, 1.1813982307895625, 28.9825262799974
16:02:21, -20, 9, 1.1837804026819227, 28.981183017091244
16:02:21, -19, 9, 1.1852056207386412, 28.979152502374344
16:02:22, -17, 8, 1.1838875681608059, 28.980651959514798
16:02:23, -12, 6, 1.180099202633884, 28.978027909078957
16:02:23, -7, 3, 1.1745419811525117, 28.977965431662597
16:02:24, -6, -1, 1.1717102834615127, 28.97687207668787
16:02:24, -10, -2, 1.1710853298988475, 28.97680959924997
16:02:25, -16, 0, 1.1733948568921566, 28.973998113339768
16:02:25, -21, 1, 1.1772288208830832, 28.974904036834925
16:02:26, -24, 3, 1.1796043320621823, 28.97634101842865
16:02:26, -29, 5, 1.181749544019488, 28.976278540980857
16:02:27, -31, 5, 1.1831524986835738, 28.973498293375595
16:02:28, -32, 4, 1.1827300321295837, 28.974029352085054
16:02:28, -32, 3, 1.1820938091288633, 28.973998113339768
16:02:29, -33, 3, 1.1809576544972082, 28.970686804688885
16:02:29, -32, 3, 1.1802138312703567, 28.972404936944223
16:02:30, -32, 3, 1.1794696641873337, 28.975060230516245
16:02:30, -33, 4, 1.1794882914592484, 28.97024946179241
16:02:31, -33, 5, 1.1807998146458063, 28.97121786384363
16:02:31, -34, 5, 1.1814253409929438, 28.969655924913095
16:02:32, -34, 5, 1.181780285526571, 28.9689999103453
16:02:33, -34, 5, 1.1821693657750956, 28.96734425396062
16:02:33, -34, 5, 1.1823203870628405, 28.97015574545003
16:02:34, -34, 6, 1.1824501948231148, 28.9692810594615
16:02:34, -35, 6, 1.1829117605299038, 28.969624686127062
16:02:35, -35, 7, 1.1834812821024059, 28.967188059919863
16:02:35, -35, 6, 1.1840099717316022, 28.968781238794183
16:02:36, -35, 6, 1.183244324727444, 28.9685625672288
16:02:36, -35, 6, 1.1833511907785614, 28.96887495517498
16:02:37, -35, 6, 1.1835925475699132, 28.97099919243716
16:02:38, -35, 6, 1.1836159808828186, 28.968406373244797
16:11:23, Boot
16:11:23, Removing air
16:13:38, Boot
16:13:38, Waiting 20 seconds
16:13:58, Going down
16:13:58, -17, 7, 1.0113300948361457, 28.958191270892858
16:13:59, -8, -9, 1.0092081610598278, 28.957316581783235
16:14:00, -16, 3, 1.0075040302363572, 28.962439757608227
16:14:00, -13, 28, 1.0081932887612788, 28.95925339307636
16:14:01, -11, 33, 1.0124484395127695, 28.961002770056947
16:14:01, -10, 25, 1.0130558632501123, 28.96187745820498
16:14:02, -9, 53, 1.01349550167257, 28.96122144211535
16:14:02, -12, 34, 1.0131908517098176, 28.962064891349872
16:14:03, -5, 0, 1.0109441096562712, 28.962439757608227
16:14:03, 5, -20, 1.011755990575975, 28.960909053456124
16:14:04, 15, -8, 1.0114201969238397, 28.965813552047475
16:14:05, 18, -6, 1.0131938745386977, 28.96562611911213
16:14:05, 20, -6, 1.013143407850339, 28.96534496968947
16:14:06, 20, -7, 1.0145208640504488, 28.960315514923423
16:14:06, 19, -7, 1.0171459050079539, 28.96621965670478
16:14:07, 17, -7, 1.0209865679885275, 28.965095059071754
16:14:07, 15, -7, 1.0255682056949333, 28.96709434349192
16:14:08, 14, -6, 1.0310567131835058, 28.968593806024728
16:14:08, 13, -7, 1.0365027428462925, 28.966375850790644
16:14:09, 14, -7, 1.0410373276314497, 28.971499012773858
16:14:10, 15, -7, 1.045508265114553, 28.97084299856666
16:14:10, 16, -6, 1.0510307687224485, 28.972186265615164
16:14:11, 17, -6, 1.0560468094766389, 28.97315466710701
16:14:11, 18, -6, 1.062414807220517, 28.973092189599846
16:14:12, 18, -6, 1.0689471660295413, 28.97124910261482
16:14:12, 17, -6, 1.076469080712968, 28.971655206613796
16:14:13, 16, -6, 1.0838892319320559, 28.972811040803208
16:14:13, 15, -5, 1.0917102922588424, 28.971967594271845
16:14:14, 14, -5, 1.099851277414995, 28.972935995826848
16:14:15, 14, -4, 1.1082340309650283, 28.974622888190208
16:14:15, 14, -4, 1.116020792427332, 28.974779081884627
16:14:16, 14, -4, 1.1241337897253536, 28.975622527708765
16:14:16, 15, -4, 1.1305015927437008, 28.97602863117805
16:14:17, 15, -4, 1.1385374244680102, 28.973310860869823
16:14:17, 16, -4, 1.1457825126622458, 28.9760911086305
16:14:18, 16, -4, 1.1536820387313287, 28.97596615372444
16:14:18, 15, -4, 1.1610244509274836, 28.975091469251637
16:14:19, 15, -4, 1.168991435921091, 28.975185185456066
16:14:20, 15, -4, 1.1768797932790704, 28.974747843146325
16:14:20, 14, -4, 1.18397421684736, 28.974404217005794
16:14:21, 12, -5, 1.1882695259535039, 28.976403495875275
16:14:21, 13, -4, 1.187937865295931, 28.974841559360357
16:14:22, 16, -4, 1.1876665252821172, 28.97799667037092
16:14:22, 18, -3, 1.186411131333537, 28.977434373576543
16:14:23, 18, -1, 1.1868107199150142, 28.97793419295398
16:14:23, 17, 1, 1.187409336636435, 28.97271732453242
16:14:24, 17, 3, 1.1876449881465416, 28.97512270798674
16:14:25, 18, 6, 1.187956273445738, 28.970405655690556
16:14:25, 20, 5, 1.1874417791937462, 28.9766221669293
16:14:26, 20, 6, 1.1865316452864154, 28.97084299856666
16:14:26, 20, 6, 1.1860972541340182, 28.973310860869823
16:14:27, 20, 6, 1.1862207012016128, 28.97452917197006
16:14:27, 19, 5, 1.1869993943737391, 28.96959344734074
16:14:28, 18, 6, 1.1873872226013718, 28.971530251542426
16:14:28, 19, 6, 1.1873481104141517, 28.970655565912455
16:14:29, 20, 6, 1.1870607799952109, 28.97118662507215
16:14:29, 20, 6, 1.1861768251514095, 28.971155386300378
16:14:30, 20, 6, 1.1865204061535328, 28.970780521016422
16:14:31, 19, 6, 1.1869824066020898, 28.96987459640717
16:14:31, 18, 6, 1.1877477688242337, 28.97093671488983
16:14:32, 19, 6, 1.1867685291274384, 28.969655924913095
16:14:32, 19, 6, 1.186211417703018, 28.96881247758807
16:14:33, 19, 6, 1.1866790039940267, 28.968031507653503
16:14:33, 19, 6, 1.187449810409922, 28.969624686127062
16:14:34, 19, 6, 1.1872352029141795, 28.971530251542426
16:14:34, 19, 6, 1.1871012131380156, 28.96821894045439
16:14:35, 19, 6, 1.1871906217336483, 28.970186984231113
16:14:36, 19, 6, 1.1874557301662345, 28.968781238794183
16:14:36, 19, 6, 1.1870838816256057, 28.969499730980022
16:14:37, 19, 6, 1.186610815073345, 28.969843357623176
16:14:37, 19, 6, 1.1868421324479195, 28.968468850839272
16:14:38, 19, 6, 1.1868313454043375, 28.96709434349192
16:14:38, 19, 6, 1.1863016000975228, 28.968531328432583
16:14:39, 19, 6, 1.1864937429738962, 28.966469567238672
16:14:39, 19, 6, 1.1867521550109998, 28.96815646285526
16:14:40, 19, 6, 1.1866627703662305, 28.966125940249768
16:14:41, 19, 6, 1.1865268884327145, 28.9683126568509
16:14:41, 19, 6, 1.1869663758876428, 28.967375492767896
16:14:42, 19, 6, 1.1866507985400685, 28.96818770165497
16:14:42, 19, 6, 1.1868705961100514, 28.967562925605453
16:14:43, 20, 6, 1.1868029893404668, 28.96768788082467
16:14:43, 20, 7, 1.186357417495344, 28.96993707397429
16:14:44, 20, 6, 1.185609352665679, 28.967719119628747
16:14:44, 20, 6, 1.1860328811271053, 28.96409541641464
16:14:45, 19, 6, 1.1866623824349067, 28.967250537537037
16:14:46, 18, 6, 1.1870797343101893, 28.96518877555558
16:14:46, 18, 6, 1.1871756638751116, 28.96456399894727
16:14:47, 17, 6, 1.1871526271560902, 28.966063462611636
16:14:47, 18, 6, 1.1870963779851214, 28.96590726851122
16:14:48, 17, 7, 1.1861014827517387, 28.96109648665515
16:14:48, 16, 6, 1.1870015341040647, 28.963376923070754
16:20:55, Boot
16:20:55, Waiting 20 seconds
16:21:15, Going down
16:21:15, 0, 0, 1.011977527176428, 29.019575133161705
16:21:16, -1, 0, 1.0122170010503262, 29.023198776417267
16:21:16, -3, 0, 1.0122495272698688, 29.024916881764657
16:21:17, -3, 0, 1.0126564713408983, 29.02285515524214
16:21:18, -3, 0, 1.012169043296603, 29.02716603652516
16:21:18, -2, 0, 1.012357364073951, 29.023761065536963
16:21:19, -1, 0, 1.0123696794225217, 29.022324104265863
16:21:19, 2, 0, 1.012199833108056, 29.023573635840876
16:21:20, 4, 0, 1.0124035111975085, 29.02226162767489
16:21:20, 6, 0, 1.0129598826946098, 29.023761065536963
16:21:21, 7, 0, 1.0153807654533402, 29.024385831114923
16:21:21, 5, -1, 1.0176338280441901, 29.0234799209889
16:21:22, 2, -1, 1.022080927335048, 29.02544793233028
16:21:23, 0, -1, 1.0274640670130724, 29.025635361921594
16:21:23, -1, -2, 1.033037121812106, 29.028071945655245
16:21:24, 0, -2, 1.0382517038816146, 29.019418941554033
16:21:24, 2, -1, 1.0437210445348621, 29.016888636496006
16:21:25, 3, -2, 1.0498308863239068, 29.016451299625768
16:21:25, 3, -2, 1.0570433273653799, 29.017669595050975
16:21:26, 2, -3, 1.0655892613483278, 29.011484398311005
16:21:26, 1, -3, 1.0750553871759148, 29.01039105426622
16:21:27, 0, -4, 1.084801508673179, 29.01192173582909
16:21:28, 0, -4, 1.0948365188337075, 29.010453531078383
16:21:28, 0, -4, 1.1044432894200618, 29.00942266352882
16:21:29, 1, -4, 1.1155135109533865, 29.00942266352882
16:21:29, 1, -5, 1.126347686204772, 29.00848551093601
16:21:30, 1, -6, 1.1380528664533003, 29.01135944472393
16:21:30, 1, -7, 1.1498275527618056, 29.010047431778514
16:21:31, 1, -7, 1.1614783044771269, 29.00870417989776
16:21:31, -7, -7, 1.1727467362859616, 29.00564281313549
16:21:32, -8, -7, 1.177668659249016, 29.003955936378187
16:21:32, -10, -8, 1.1809679090481702, 29.00501804406507
16:21:33, -11, -8, 1.1829223514785085, 29.00342488240858
16:21:34, -12, -8, 1.1844771066504283, 29.001519335119372
16:21:34, -13, -7, 1.1859028721114953, 28.998083099565555
16:21:35, -12, -8, 1.1861114561022796, 28.997364613504615
16:21:35, -11, -8, 1.185419402720042, 28.995865163838026
16:21:36, -10, -8, 1.1851545876252976, 28.996364980468062
16:21:36, -9, -9, 1.1838257492998274, 28.996364980468062
16:21:37, -8, -9, 1.1834617660580458, 28.99064832331482
16:21:37, -7, -10, 1.1829933134399522, 28.993803419451577
16:21:38, -7, -10, 1.182685063591068, 28.98974240407348
16:21:39, -6, -10, 1.1822388521394338, 28.993678465205594
16:21:39, -6, -10, 1.182736092104982, 28.988742768764496
16:21:40, -6, -10, 1.1826795875924647, 28.989305063662467
16:21:40, -7, -10, 1.1825057581100544, 28.98727455386412
16:21:41, -7, -9, 1.1835877253903246, 28.984712985902878
16:21:41, -8, -9, 1.1834867165930594, 28.983744587749243
16:21:42, -8, -9, 1.1846006961029518, 28.986212440556702
16:21:42, -9, -9, 1.185248523662381, 28.985306520116865
16:21:43, -9, -9, 1.1852715781203356, 28.983775826403726
16:21:44, -9, -9, 1.1859355026408542, 28.985150326912844
16:21:44, -8, -8, 1.1855373728021632, 28.980433288723578
16:21:45, -8, -9, 1.1853002303647882, 28.98233884799629
16:21:45, -8, -9, 1.1846704003071296, 28.98008966316571
16:21:46, -7, -10, 1.1847881060292578, 28.98162035856163
16:21:46, -7, -10, 1.1839443222016113, 28.979371173249092
16:21:47, -7, -10, 1.1835271849001392, 28.980745675563814
16:21:47, -7, -10, 1.1836619101154506, 28.981901506619614
16:21:48, -7, -10, 1.1837634234765433, 28.98143292650988
16:21:49, -7, -10, 1.1835331889415406, 28.979683560188278
16:21:49, -7, -10, 1.183938834217745, 28.97896507018464
16:21:50, -7, -10, 1.1836111039430344, 28.982276370660255
16:21:50, -7, -10, 1.1841073865143752, 28.97999594709836
16:21:51, -7, -10, 1.1837933968894399, 28.976247302256525
16:21:51, -7, -9, 1.1841197312252971, 28.97690331540638
16:21:52, -7, -9, 1.184169573324299, 28.97927745716166
16:21:52, -7, -9, 1.184005424719036, 28.98174531325698
16:21:53, -7, -9, 1.1844238507339027, 28.97668464437069
16:21:54, -7, -9, 1.184857077349849, 28.977590567139995
16:21:54, -7, -9, 1.1848684362796564, 28.97730941872054
16:21:55, -7, -9, 1.1845416747294868, 28.977871715535876
16:21:55, -7, -9, 1.1845918793626373, 28.979214979768585
16:21:56, -7, -9, 1.1843623424046865, 28.975466334053635
16:21:56, -7, -9, 1.1846946019435625, 28.975278901657877
16:21:57, -7, -9, 1.1842092381550575, 28.978558967071002
16:25:33, Boot
16:25:33, Waiting 20 seconds
16:25:53, Going down
16:25:53, 0, -1, 1.01408938630375, 28.96522001438294
16:25:53, 0, -1, 1.0135269396332358, 28.972123788089956
16:25:54, 0, -1, 1.0132001268520041, 28.97246741446419
16:25:55, 0, -2, 1.0134023174303577, 28.97315466710701
16:25:55, 0, -2, 1.0127886289932115, 28.973123428353574
16:25:56, 0, -2, 1.0130933785577554, 28.972155026852707
16:25:56, 1, -2, 1.01353142781256, 28.97368572587089
16:25:57, 1, -2, 1.0134130983029437, 28.973810680861934
16:25:57, 0, -2, 1.0137073625053123, 28.97178016168051
16:25:58, 0, -2, 1.0133386690288544, 28.975497572785244
16:25:58, 0, -3, 1.013260163368102, 28.975060230516245
16:25:59, 0, -3, 1.0132545329649587, 28.975060230516245
16:26:00, 0, -3, 1.0129206457228832, 28.977371896149126
16:26:00, 0, -3, 1.0131356770093987, 28.975903676269663
16:26:01, 0, -4, 1.0127987679301327, 28.97465412692967
16:26:01, 0, -4, 1.0133036751135291, 28.977153225143994
16:26:02, 0, -4, 1.013049733916389, 28.97793419295398
16:26:02, 1, -4, 1.01277523895032, 28.97602863117805
16:26:03, 1, -4, 1.0125216182245023, 28.976372257152107
16:26:03, 1, -3, 1.0130803107064963, 28.974622888190208
16:26:04, 2, -3, 1.0130797388531754, 28.975403856589548
16:26:05, 2, -3, 1.0124312794064114, 28.976715883090947
16:26:05, 2, -3, 1.0130165689666717, 28.977090747711337
16:26:06, 2, -3, 1.0126404983574788, 28.975497572785244
16:26:06, 2, -3, 1.0122407164116454, 28.97552881151656
16:26:07, 2, -3, 1.012888304999453, 28.975403856589548
16:26:07, 2, -2, 1.0122225867944015, 28.977215702575485
16:26:08, 0, -2, 1.0130181704252272, 28.974904036834925
16:26:08, 2, -3, 1.0127852635235677, 28.97771552198552
16:26:09, 5, -3, 1.012194067689813, 28.97771552198552
16:26:09, 5, -3, 1.0117638541168401, 28.973185905860156
16:26:10, 4, -3, 1.0123863506230095, 28.97655968948675
16:26:11, 6, -2, 1.0120041703857439, 28.975622527708765
16:26:11, 6, -1, 1.0114643865813957, 28.974622888190208
16:26:12, 7, -1, 1.011745814594508, 28.974747843146325
16:26:12, 8, -1, 1.012371109841367, 28.974310500779538
16:26:13, 8, -1, 1.0129775906926133, 28.976497212043032
16:26:13, 8, -1, 1.0135298973407614, 28.97577872135662
16:26:14, 7, -1, 1.014194787493676, 28.975091469251637
16:26:14, 5, 0, 1.0155476281235871, 28.97296723458203
16:26:15, 4, 0, 1.017322167762034, 28.97162396784639
16:26:16, 3, 0, 1.0190213909483303, 28.97321714461301
16:26:16, 2, 1, 1.0203661570954876, 28.97446669448851
16:26:17, 2, 1, 1.0215426869507724, 28.974779081884627
16:26:17, 3, 1, 1.0231033720837128, 28.973279622117843
16:26:18, 4, 0, 1.0242976756028181, 28.97234245942309
16:26:18, 5, 0, 1.0254907855883135, 28.973092189599846
16:26:19, 5, 1, 1.027523242854902, 28.973248383365572
16:26:19, 5, 1, 1.030191631197968, 28.97384191960897
16:26:20, 4, 0, 1.0327558230927925, 28.970405655690556
16:26:21, 3, 1, 1.0361907373738366, 28.96981211883889
16:26:21, 3, 1, 1.0391304052150843, 28.96887495517498
16:26:22, 3, 1, 1.0411580754866185, 28.967750358432532
16:26:22, 4, 1, 1.0425700759815055, 28.969562208554127
16:26:23, 6, 1, 1.0440077797089184, 28.966594522498635
16:26:23, 7, 1, 1.0452635835037505, 28.96621965670478
16:26:24, 8, 0, 1.0463391748848112, 28.96590726851122
16:26:24, 9, 0, 1.0480676120203984, 28.966000984972343
16:26:25, 8, 0, 1.0494427046366768, 28.964001699900255
16:26:26, 8, 0, 1.05148465219991, 28.96684443300459
16:26:26, 8, 0, 1.0537785091176182, 28.96322072884519
16:26:27, 8, 0, 1.0562898211091034, 28.962877101523336
16:26:27, 8, 0, 1.0575000479023557, 28.963314445381403
16:26:28, 9, 0, 1.0587442752876979, 28.963408161914995
16:26:28, 10, -1, 1.0604112228840024, 28.9627833849749
16:26:29, 10, -1, 1.0625384853681281, 28.96434532710686
16:26:29, 10, 0, 1.0641987192232791, 28.96546992499134
16:26:30, 10, 0, 1.0667350450675126, 28.961065247789374
16:26:31, 10, 0, 1.0693636029309717, 28.962314802193433
16:26:31, 9, -1, 1.0729219726195312, 28.96222108562928
16:26:32, 9, -1, 1.0753546263988667, 28.961565069606877
16:26:32, 9, -1, 1.077673474028661, 28.962939579220837
16:26:33, 9, -1, 1.0803999158630468, 28.960534187026642
16:26:33, 10, -1, 1.082185147388242, 28.959753215163946
16:26:34, 11, 0, 1.0846564520957094, 28.960377992668654
16:26:34, 11, 0, 1.0870718513384305, 28.960315514923423
16:28:33, Boot
16:28:33, Waiting 20 seconds
16:28:53, Going down
16:28:53, -1, 1, 1.0123397719291403, 28.879030982395633
16:28:54, -1, 1, 1.0114699823166384, 28.890589625643916
16:28:54, -2, 1, 1.0118967082354837, 28.89208912238886
16:28:55, -3, 0, 1.0116153553117848, 28.89193292484255
16:28:55, -4, 0, 1.0123885553607188, 28.896900003252085
16:28:56, -4, 0, 1.0119551589290676, 28.896806284859633
16:28:56, -5, -1, 1.011795326760375, 28.899805272118975
16:28:57, -6, -1, 1.0123706796186704, 28.89824329992276
16:28:57, -6, -1, 1.0115535593568947, 28.899399159417953
16:28:58, -6, -1, 1.0114618071910142, 28.901679637794004
16:28:59, -6, -1, 1.0120023523099568, 28.901523440694437
16:28:59, -7, 0, 1.0120434826184626, 28.8991804833278
16:29:00, -7, 0, 1.0116358378182941, 28.902335665532735
16:29:00, -7, 0, 1.0118151534548943, 28.903460284214816
16:29:01, -7, 0, 1.011543533153207, 28.905365887231746
16:29:01, -8, 0, 1.0117246672848754, 28.90402259341441
16:29:02, -9, 0, 1.011026354383901, 28.904366226767742
16:29:02, -9, 0, 1.011565130608927, 28.906615462392654
16:29:03, -9, -1, 1.0115890296763392, 28.90474109947667
16:29:03, -10, -1, 1.011390338437109, 28.906990334850125
16:29:04, -11, -1, 1.01166317225326, 28.911082689784816
16:29:05, -12, -1, 1.0111290977509217, 28.910083031025135
16:29:05, -13, -1, 1.0109878970000368, 28.91070781778486
16:29:06, -13, -2, 1.0117319925828938, 28.909364526107527
16:29:06, -14, -2, 1.011387966629277, 28.910207988386393
16:29:07, -14, -2, 1.0112754670029929, 28.910083031025135
16:29:07, -16, -2, 1.0112070595267006, 28.911238886439097
16:29:08, -17, -3, 1.012136219401773, 28.910864014456603
16:29:08, -19, -3, 1.0113300816843809, 28.912363502135122
16:29:09, -19, -3, 1.0111095127366911, 28.913738031918037
16:29:10, -20, -3, 1.0108621548258694, 28.913269442282616
16:29:10, -21, -3, 1.01074238702474, 28.915362475480507
16:29:11, -22, -3, 1.0112263989695764, 28.915549911225536
16:29:11, -23, -3, 1.0110517644195085, 28.91570610767172
16:29:12, -24, -2, 1.0111740963792006, 28.91776790007949
16:29:12, -25, -2, 1.0117659260024903, 28.916799482591305
16:29:13, -27, -2, 1.01260035601612, 28.9151125611375
16:29:13, -29, -2, 1.0135968497740864, 28.91505008254884
16:29:14, -30, -1, 1.0143085520892425, 28.91951729870401
16:29:15, -32, -2, 1.0150625000443358, 28.92011084445854
16:29:15, -33, -2, 1.0155200753946336, 28.917955335690056
16:29:16, -33, -2, 1.0168536089981672, 28.91892375284442
16:29:16, -24, -3, 1.0154165352181148, 28.92098554327371
16:29:17, -22, -2, 1.0059098277044094, 28.918455163933686
16:29:17, -31, -4, 1.0123745731970994, 28.91592478268416
16:29:18, -38, -5, 1.0193582179023493, 28.919767212718725
16:29:18, -41, -5, 1.0240884789284865, 28.917924096422357
16:29:19, -41, -5, 1.0262762940671772, 28.92095430403424
16:29:20, -38, -5, 1.0257869925189549, 28.92026704069227
16:29:20, -33, -5, 1.0244168491419838, 28.923266006968916
16:29:21, -30, -5, 1.0232928292358072, 28.920548193894646
16:29:21, -28, -5, 1.0230892933993352, 28.921766524165868
16:29:22, -28, -4, 1.0245436655515017, 28.919079949133447
16:29:22, -30, -3, 1.0265886159765303, 28.92514035952976
16:29:23, -33, -3, 1.0303465839619161, 28.92095430403424
16:29:23, -35, -3, 1.0340394036648761, 28.921360414124646
16:29:24, -37, -3, 1.0371737616981642, 28.92342220305567
16:29:25, -37, -2, 1.039173420742583, 28.921797763397773
16:29:25, -35, -2, 1.0404681335679282, 28.921985198783076
16:29:26, -34, -2, 1.0417438471063492, 28.92532779472822
16:29:26, -33, -1, 1.0423976313535133, 28.924234422589507
16:29:27, -33, -1, 1.0438301447535259, 28.920391997674013
16:29:27, -34, 0, 1.046096201206908, 28.92451557545923
16:29:28, -36, 0, 1.049478184958645, 28.926827275938702
16:29:28, -38, 1, 1.052715982745848, 28.925796382678527
16:29:29, -40, 2, 1.0563986368517917, 28.924578053871517
16:29:30, -40, 2, 1.0601412951904499, 28.92638992732158
16:29:30, -40, 2, 1.0623997757391266, 28.924890445915516
16:29:31, -39, 2, 1.0650055700312928, 28.926171252991626
16:29:31, -38, 2, 1.067939910806017, 28.924171944170812
16:29:32, -37, 2, 1.0712707524257834, 28.9274520595785
16:29:32, -35, 2, 1.0734672734033357, 28.92595257864741
16:29:33, -34, 2, 1.0761069028562829, 28.92720214613655
16:29:33, -35, 2, 1.0790633539229135, 28.925827621872887
16:29:34, -38, 2, 1.0825755631107532, 28.927170906955
16:29:35, -41, 3, 1.0877383917421322, 28.926639840824063
16:29:35, -43, 3, 1.0922572921857765, 28.92991995381759
16:29:36, -42, 3, 1.096008012375742, 28.92763949464774
16:29:36, -40, 3, 1.0989009552217008, 28.929076496497146
16:29:37, -37, 3, 1.1003026303717254, 28.929357648960867
16:29:37, -34, 2, 1.1025609080829613, 28.92801436475478
16:29:38, -33, 2, 1.1053135238399552, 28.928701626508847
16:29:38, -33, 1, 1.1098958263997527, 28.92942012728294
16:29:39, -35, 0, 1.1139766121584787, 28.931075802393607
16:29:40, -36, 0, 1.1193145158518822, 28.929451366443537
16:29:40, -37, 0, 1.1225735311124099, 28.93079465007395
16:29:41, -37, 1, 1.1266786779797053, 28.92873286567614
16:29:41, -36, 1, 1.1287041821737025, 28.931325715546844
16:29:42, -35, 1, 1.1303982382980866, 28.93245032450592
16:29:42, -34, 2, 1.132706484051626, 28.93245032450592
16:29:43, -35, 2, 1.1357196970215262, 28.929763758033513
16:29:43, -37, 3, 1.1391812691255947, 28.93148191125816
16:29:44, -40, 4, 1.142683247165223, 28.931013324102388
16:29:45, -42, 4, 1.146798151466343, 28.932200411436497
16:29:45, -43, 4, 1.1500189812848731, 28.930919606663373
16:29:46, -43, 4, 1.1523997876010876, 28.932387846240307
16:29:46, -42, 4, 1.1538741718596335, 28.93391856341259
16:29:47, -40, 4, 1.154319089437359, 28.93354369396562
16:29:47, -38, 5, 1.1543016517492308, 28.934855736846657
16:29:48, -37, 6, 1.1550974294690288, 28.93013862790307
16:29:48, -37, 6, 1.15668394883294, 28.932793954945954
16:29:49, -39, 7, 1.1597584544072008, 28.931325715546844
16:29:50, -41, 7, 1.1632658034744763, 28.93145067211648
16:29:50, -43, 7, 1.1665981656340534, 28.932762715816498
16:29:51, -44, 8, 1.1700055650041237, 28.929295170637634
16:29:51, -44, 8, 1.172644106328841, 28.934199715470314
16:29:52, -42, 9, 1.1742213616245791, 28.931825541797444
16:29:52, -41, 9, 1.176140809551756, 28.93273147668675
16:29:53, -46, 10, 1.17854490087374, 28.932356607107067
16:29:53, -50, 9, 1.1824910382858567, 28.933481215720384
16:29:54, -50, 9, 1.1853166614125104, 28.9351368888258
16:29:55, -53, 10, 1.1860999109309553, 28.933137585350778
16:29:55, -53, 10, 1.1879005720736342, 28.935761670917273
16:29:56, -50, 14, 1.18597557667871, 28.934512106617913
16:29:56, -47, 12, 1.1829805506252444, 28.93429343281765
16:29:57, -44, 10, 1.1805313237137869, 28.934918215066283
16:29:57, -41, 11, 1.1782898391476897, 28.93707371293043
16:29:58, -39, 10, 1.1771308648966639, 28.934918215066283
16:29:58, -38, 9, 1.1755659265429312, 28.93444962839072
16:29:59, -38, 9, 1.1759600536551649, 28.93435591104775
16:29:59, -39, 9, 1.1766924909792766, 28.932856433203998
16:30:00, -40, 8, 1.1779757942200577, 28.933699889573617
16:30:01, -42, 8, 1.1796866810140045, 28.935355562571058
16:30:01, -43, 8, 1.1818491428670221, 28.933731128694344
16:30:02, -44, 9, 1.1831375032467186, 28.93623025740948
16:30:02, -44, 9, 1.1839719604251766, 28.93273147668675
16:30:03, -44, 8, 1.1848545837111593, 28.936355213796343
16:30:03, -44, 7, 1.1850795514534123, 28.937011234750972
16:30:04, -44, 7, 1.1849563040768345, 28.935261845253407
16:30:04, -43, 7, 1.1854857324391028, 28.934637063068802
16:30:05, -43, 8, 1.1852660794129652, 28.934886975956616
16:30:06, -43, 8, 1.185530945537091, 28.9341372372373
16:30:06, -43, 8, 1.1847025868864058, 28.936323974700063
16:30:07, -42, 8, 1.1845231735429909, 28.934199715470314
16:30:07, -42, 8, 1.1845227468398873, 28.935418040781368
16:30:08, -41, 8, 1.1831827301459206, 28.935699192713365
16:30:08, -41, 8, 1.1833572352661264, 28.935761670917273
16:30:09, -40, 8, 1.1832730402698757, 28.935043171502038
16:30:09, -40, 8, 1.1825635399051695, 28.935418040781368
16:30:10, -40, 8, 1.1826703199126254, 28.935949105522013
16:30:11, -40, 8, 1.1825577770674585, 28.93579291001879
16:32:32, Boot
16:32:32, Waiting 20 seconds
16:32:52, Going down
16:32:53, -1, -1, 1.0114151475532955, 28.911520040398464
16:32:53, 0, -2, 1.0116234127746944, 28.91920490615943
16:32:54, 0, -1, 1.0109370272360216, 28.91861136024454
16:32:54, -1, -1, 1.01124438031116, 28.92170404570119
16:32:55, 0, -2, 1.0109065041364134, 28.921829002629384
16:32:55, -1, -6, 1.011103107073882, 28.922422547974712
16:32:56, -2, -11, 1.0106850759452493, 28.924359379423404
16:32:56, -3, -7, 1.0106633873951538, 28.923234767750692
16:32:57, -6, -12, 1.0105616595515086, 28.92376583442092
16:32:58, -5, -12, 1.0110161951380505, 28.925765143483876
16:32:58, -7, -16, 1.0103869292350132, 28.92404698732993
16:32:59, -7, -17, 1.0105662047300998, 28.9252340771303
16:32:59, -8, -17, 1.010055212404326, 28.923453442272148
16:33:00, -8, -16, 1.0106806226863685, 28.922766179442405
16:33:00, -7, -14, 1.0102303123082748, 28.92267246177289
16:33:01, -9, -15, 1.0108455224593358, 28.920548193894646
16:33:01, -6, -16, 1.0107860427606643, 28.924859206712426
16:33:02, -5, -17, 1.0107087944835482, 28.922734940219524
16:33:03, -3, -17, 1.0093737573356738, 28.923797073634194
16:33:03, -3, -15, 1.010484020154034, 28.922172634157906
16:33:04, -1, -16, 1.010174777317534, 28.921641567235348
16:33:04, 1, -17, 1.0099342480481202, 28.91954853795687
16:33:05, 2, -17, 1.0093403725395622, 28.923266006968916
16:33:05, 3, -17, 1.0098117683539418, 28.925296555529204
16:33:06, 4, -18, 1.0108708351688238, 28.92439061863115
16:33:06, 6, -19, 1.0116141713645224, 28.924109465750952
16:33:07, 6, -19, 1.0123836818070866, 28.92651488407515
16:33:07, 6, -19, 1.0141400403005574, 28.926702319196774
16:33:08, 5, -19, 1.0172254395425093, 28.92632744894305
16:33:09, 4, -20, 1.0193212942783965, 28.92414070496103
16:33:09, 4, -20, 1.0225397173676125, 28.926671080010564
16:33:10, 4, -20, 1.025612660403649, 28.927983125580795
16:33:10, 5, -20, 1.0278143760306895, 28.927327102859852
16:33:11, 6, -20, 1.0303537427503693, 28.92685851512346
16:33:11, 7, -20, 1.0331240546289053, 28.926202492182494
16:33:12, 7, -20, 1.036117335161697, 28.92879534400985
16:33:12, 6, -20, 1.0387865882964729, 28.927733212178428
16:33:13, 6, -20, 1.0420802767450528, 28.927358342039952
16:33:14, 5, -20, 1.045670049529318, 28.930451019429018
16:33:14, 5, -20, 1.0485537544100183, 28.928576669836765
16:33:15, 6, -20, 1.051833979919313, 28.931606867821973
16:33:15, 6, -20, 1.0545947102445463, 28.928326756478636
16:33:16, 7, -20, 1.057446848423047, 28.931763063520194
16:33:16, 7, -20, 1.0606949834455497, 28.932231650571193
16:33:17, 7, -20, 1.0634668735851365, 28.929014018168672
16:33:17, 7, -20, 1.066118367328028, 28.929263931475578
16:33:18, 6, -20, 1.0701365128963234, 28.931825541797444
16:33:19, 6, -20, 1.0735774219705636, 28.93004491043961
16:33:19, 6, -19, 1.0765141465314676, 28.93351245484315
16:33:20, 6, -19, 1.0795380135725718, 28.93245032450592
16:33:20, 7, -19, 1.082719466135074, 28.93145067211648
16:33:21, 8, -19, 1.085230899652074, 28.930544736881128
16:33:21, 8, -20, 1.0884840673635647, 28.93210669403066
16:33:22, 8, -20, 1.09212552850256, 28.934012280767785
16:33:22, 8, -20, 1.0952271157205606, 28.934886975956616
16:33:23, 8, -20, 1.0998955646156836, 28.932544041902148
16:33:24, 7, -21, 1.104104489027673, 28.93673008292899
16:33:24, 7, -21, 1.1090203341718463, 28.93494945417566
16:33:25, 7, -21, 1.1135798375088342, 28.936355213796343
16:33:25, 6, -20, 1.1191602009139427, 28.93410599812036
16:33:26, 3, -19, 1.124198511841141, 28.935011932393536
16:33:26, 0, -20, 1.1298172404562952, 28.934824497736408
16:33:27, -3, -20, 1.133966923395336, 28.933856085174337
16:33:27, -5, -19, 1.1372265273410327, 28.934074759003124
16:33:28, -5, -17, 1.1377939107214574, 28.936792561113688
16:33:29, -4, -15, 1.137630401411685, 28.937323625636637
16:33:29, -3, -13, 1.1375914324972174, 28.936355213796343
16:33:30, -2, -14, 1.137428221807786, 28.93623025740948
16:33:30, -3, -16, 1.1376652181494764, 28.935043171502038
16:33:31, -5, -16, 1.1390158578917597, 28.93623025740948
16:33:31, -7, -16, 1.1417906683442918, 28.937885929157492
16:33:32, -8, -16, 1.143351127382036, 28.935699192713365
16:33:32, -8, -15, 1.144577678812209, 28.937448581982753
16:33:33, -7, -14, 1.1452694217399435, 28.939135492199565
16:33:34, -6, -14, 1.1460645525774702, 28.936136540116276
16:33:34, -6, -15, 1.1470438729905057, 28.936792561113688
16:33:35, -7, -15, 1.1495891329026058, 28.9355429971985
16:33:35, -9, -15, 1.1530784667752663, 28.93841699350727
16:33:36, -10, -14, 1.1569704677486237, 28.93426219370216
16:33:36, -11, -14, 1.159802353310567, 28.9341372372373
16:33:37, -11, -14, 1.1638159315364531, 28.935480518990516
16:33:37, -10, -14, 1.1662986467122516, 28.935667953610974
16:33:38, -10, -14, 1.16928168182512, 28.937792211910565
16:33:39, -10, -14, 1.1720474207028446, 28.933981041649677
16:33:39, -10, -15, 1.1746633763104348, 28.939197970339446
16:33:40, -10, -14, 1.1781512770833742, 28.931075802393607
16:33:40, -16, -13, 1.1818712284793638, 28.93494945417566
16:33:41, -20, -11, 1.1857825216165698, 28.93922920940895
16:33:41, -19, -12, 1.187213120993886, 28.937511060154065
16:33:42, -18, -13, 1.1856585214785678, 28.93963531728601
16:33:42, -18, -12, 1.1837059047371332, 28.936855039297225
16:33:43, -18, -11, 1.182151623983261, 28.938042124563218
16:33:44, -19, -10, 1.1810532382117642, 28.93957283915428
16:33:44, -20, -10, 1.1802606840097378, 28.936042822820454
16:33:45, -21, -9, 1.1804012634142997, 28.936511409273372
16:33:45, -24, -9, 1.1810889520221342, 28.934168476353953
16:33:46, -26, -8, 1.1818698712268323, 28.93876062333584
16:33:46, -29, -7, 1.1840325500171271, 28.936542648367904
16:33:47, -31, -6, 1.1860023173326937, 28.93857318888826
16:33:47, -33, -7, 1.1869086091454886, 28.93894805777294
16:33:48, -32, -7, 1.1865095956108114, 28.936886278388556
16:33:49, -31, -6, 1.185366993188788, 28.93610530101796
16:33:49, -31, -6, 1.184533492485066, 28.936886278388556
16:33:50, -31, -6, 1.1837680867273022, 28.936136540116276
16:33:50, -32, -6, 1.1836265467079612, 28.9383857544302
16:33:51, -33, -5, 1.1841230784295778, 28.935261845253407
16:33:51, -35, -5, 1.184731195367341, 28.935011932393536
16:33:52, -36, -5, 1.1856993318293725, 28.935605475405318
16:33:52, -36, -5, 1.1862672492654263, 28.937636016493197
16:33:53, -36, -5, 1.1863865481002491, 28.934543345731072
16:33:54, -36, -5, 1.1857670426744702, 28.93516812793314
16:33:54, -35, -5, 1.1853668299664744, 28.936573887462146
16:33:55, -35, -5, 1.1851473611763756, 28.93629273560349
16:33:55, -35, -5, 1.184948764968672, 28.940728684402856
16:33:56, -35, -5, 1.1849939792290411, 28.940228859479394
16:33:56, -34, -5, 1.184415012302815, 28.93760477740885
16:33:57, -34, -5, 1.1843357222952031, 28.93894805777294
16:33:57, -35, -4, 1.1845602094362995, 28.940978596836647
16:33:58, -35, -4, 1.183817854861553, 28.93869814518781
16:33:59, -35, -4, 1.183721475109853, 28.940603728178974
16:33:59, -35, -5, 1.1836043790546253, 28.937386103810276
16:34:00, -34, -4, 1.1828154369294872, 28.939510361021384
16:34:00, -34, -4, 1.1825163291621168, 28.941540899744577
16:34:01, -33, -4, 1.1820005716400788, 28.935355562571058
16:34:01, -33, -4, 1.1813525634219832, 28.936948756570345
16:34:02, -34, -4, 1.1808514553823826, 28.93707371293043
16:34:02, -34, -4, 1.1810419000277668, 28.939791512610245
16:34:03, -35, -3, 1.1811432840038811, 28.93966655635144
16:34:03, -35, -3, 1.181284468390084, 28.93844823258405
16:34:04, -36, -4, 1.1819095144076033, 28.93810460272347
16:34:05, -37, -4, 1.1825455756362393, 28.93844823258405
16:34:05, -38, -3, 1.1834858532093087, 28.938229559040483
16:34:06, -39, -2, 1.1838619717296288, 28.9413222264027
16:34:06, -39, -2, 1.1840940293655324, 28.937823450993164
16:34:07, -40, -2, 1.1834632453423881, 28.93847947166054
16:34:07, -40, -2, 1.1838350962961115, 28.937698494661017
16:34:08, -40, -2, 1.1835420315278784, 28.93857318888826
16:34:08, -40, -3, 1.1833112368690826, 28.93847947166054
16:34:09, -39, -3, 1.1829002399444128, 28.938510710736736
16:34:10, -38, -2, 1.181600012640337, 28.937698494661017
16:34:10, -36, -1, 1.180356459914276, 28.935855388220954
16:35:57, Boot
16:35:57, Waiting 20 seconds
16:36:17, Going down
16:36:17, 1, 0, 1.0114199641390493, 28.97377944211461
16:36:18, 1, 0, 1.0103295398315324, 28.978871354085857
16:36:18, 0, 0, 1.0111498142237088, 28.981276733125416
16:36:19, 1, 0, 1.0106820235224128, 28.981901506619614
16:36:19, 2, -1, 1.0101879709864217, 28.979964708408662
16:36:20, 3, -1, 1.0105034153211234, 28.979777276264358
16:36:20, 3, -1, 1.0107906610296284, 28.979652321495667
16:36:21, 2, 0, 1.0105357460449895, 28.98174531325698
16:36:21, 3, 0, 1.010327464145341, 28.981682835909886
16:36:22, 3, 0, 1.0102832275612081, 28.980589482147334
16:36:23, 3, -1, 1.0103939462818894, 28.98315105325877
16:36:23, 4, -1, 1.0105588211110639, 28.980995585015044
16:36:24, 5, -1, 1.01047916455202, 28.982120177315082
16:36:24, 5, -1, 1.0103725310956508, 28.981651597235906
16:36:25, 6, -2, 1.0102941655925344, 28.98102682369514
16:36:25, 7, -1, 1.0104344433863164, 28.981682835909886
16:36:26, 7, -2, 1.0102029243884225, 28.982588757328777
16:36:26, 8, -2, 1.0109814061670215, 28.980589482147334
16:36:27, 9, -2, 1.010422582966989, 28.982495041331276
16:36:28, 9, -2, 1.0106609991482038, 28.97987099233782
16:36:28, 8, -1, 1.0104649703652961, 28.97846525096087
16:36:29, 8, -2, 1.0099172699321148, 28.980558243463165
16:36:29, 7, -2, 1.0106336533155462, 28.978777637984457
16:36:30, 7, -2, 1.0104686873613562, 28.98105806237494
16:36:30, 7, -2, 1.0101149595707823, 28.979714798880597
16:36:31, 7, -2, 1.010469863083399, 28.979464889333904
16:36:31, 8, -2, 1.0101949627695639, 28.97812162520131
16:36:32, 9, -1, 1.0101445426447726, 28.977777999406534
16:36:33, 10, -1, 1.0099558325810267, 28.974091829574753
16:36:33, 11, -1, 1.0096836094087915, 28.976747121810913
16:36:34, 12, -1, 1.0106157941363016, 28.98008966316571
16:36:34, 12, -1, 1.0104224171239917, 28.975091469251637
16:36:35, 11, 0, 1.012948935176311, 28.977184463859885
16:36:35, 9, 0, 1.015905341688688, 28.97659092820817
16:36:36, 7, 0, 1.0192663447800763, 28.977090747711337
16:36:36, 6, 0, 1.02199679083901, 28.969624686127062
16:36:37, 6, 0, 1.0252797086571714, 28.976997031560167
16:36:38, 7, 0, 1.0268677959740744, 28.97655968948675
16:36:38, 8, 0, 1.0286027286438713, 28.975466334053635
16:36:39, 9, 0, 1.0310029044290778, 28.973123428353574
16:36:39, 9, 0, 1.033714589575763, 28.96806274645438
16:36:40, 9, 1, 1.0373666517018503, 28.971030431210384
16:36:40, 8, 1, 1.040800475603061, 28.972061310563586
16:36:41, 7, 1, 1.0450448007671844, 28.97352953212554
16:36:41, 7, 1, 1.0488294175132147, 28.97199883303605
16:36:42, 7, 0, 1.0527372525928456, 28.971436535235842
16:36:43, 8, 0, 1.0554516826211142, 28.97049937202595
16:36:43, 9, 1, 1.0588589670496196, 28.969031149137155
16:36:44, 9, 1, 1.0619331842126392, 28.968937432760722
16:36:44, 9, 1, 1.0653288671885768, 28.96796903005088
16:36:45, 9, 1, 1.070065681688649, 28.96512629789999
16:36:45, 8, 1, 1.0745330176000663, 28.970343178132172
16:36:46, 6, 1, 1.0791965864062192, 28.96753168679992
16:36:46, 5, 1, 1.0845523161959965, 28.96525125321001
16:36:47, 5, 2, 1.0891123682967025, 28.966094701430848
16:36:48, 4, 2, 1.094532858916005, 28.968781238794183
16:36:48, 4, 2, 1.098087627694714, 28.965032581414416
16:36:49, 4, 3, 1.102417876936766, 28.963970461061546
16:36:49, 4, 3, 1.1071588201742053, 28.9634706396026
16:36:50, 3, 3, 1.1121755393211603, 28.963158251152926
16:36:50, 3, 3, 1.1174072154216226, 28.960815336852683
16:36:51, 2, 3, 1.1220279328638578, 28.96428284943555
16:36:51, 2, 3, 1.1275116198990567, 28.964688954278245
16:36:52, 1, 3, 1.1314444760353295, 28.958441182025126
16:36:53, 2, 3, 1.1361113492427422, 28.9596594985282
16:36:53, 2, 4, 1.1395503525437671, 28.962002413636075
16:36:54, 1, 5, 1.1439602466382748, 28.958784809801582
16:36:54, 1, 4, 1.1480416691052566, 28.9598781706742
16:36:55, 1, 4, 1.1522309952307757, 28.958816048688604
16:36:55, 0, 5, 1.1557614663114328, 28.958003837531432
16:36:56, 0, 5, 1.1605754163323487, 28.95766020967494
16:36:56, 0, 4, 1.1651123501623792, 28.960190559429467
16:36:57, 0, 3, 1.1692969438400787, 28.95669180370809
16:36:58, 0, 3, 1.1732817002961933, 28.960440470412724
16:36:58, 0, 2, 1.1770495422590816, 28.957097909470175
16:36:59, -1, 3, 1.1800055878155817, 28.956535609171116
16:36:59, 0, 4, 1.1822182004021016, 28.95666056480128
16:37:00, -2, 8, 1.1843863854763266, 28.955036141245944
16:37:00, -1, 8, 1.1857540568151186, 28.95634817571714
16:37:01, -1, 9, 1.1857138538357517, 28.958628615362105
16:37:01, 2, 8, 1.1855127199187847, 28.954161451313265
16:37:02, 4, 9, 1.1837832564186306, 28.957035431663826
16:37:03, 7, 9, 1.182021966161489, 28.954348884889477
16:37:03, 10, 9, 1.1803839648486278, 28.953318000090658
16:37:04, 12, 7, 1.1789034445066802, 28.952755699157716
16:37:04, 13, 5, 1.178204092493743, 28.956098264428874
16:37:05, 12, 5, 1.1795843961912262, 28.95356791158614
16:37:05, 11, 4, 1.1819322061276363, 28.95344295584073
16:37:06, 11, 4, 1.183643601207645, 28.95391153986202
16:37:06, 9, 5, 1.185423344162951, 28.95213092023274
16:37:07, 10, 7, 1.187033998117412, 28.950850123072595
16:37:08, 13, 8, 1.186481665439703, 28.952537026547216
16:37:08, 15, 7, 1.1845679382861014, 28.95106879579311
16:37:09, 17, 6, 1.1832844403990885, 28.95060021137455
16:37:09, 19, 5, 1.1816802861084057, 28.949413130554458
16:37:10, 20, 5, 1.1805535749176803, 28.95134994641281
16:37:10, 20, 5, 1.180233096977962, 28.950131626890506
16:37:11, 20, 4, 1.1800759604336264, 28.94872587304548
16:37:11, 18, 5, 1.1812973625002792, 28.949631803368685
16:37:12, 17, 5, 1.1826321681442167, 28.948288527284603
16:37:13, 16, 7, 1.1832794053998092, 28.948913306925533
16:37:13, 16, 8, 1.18485058901749, 28.94778870348804
16:37:14, 17, 6, 1.185380217077452, 28.946632860673127
16:37:14, 18, 4, 1.1847606936587158, 28.947257640622556
16:37:15, 19, 5, 1.1842437256224232, 28.944414890912448
16:37:15, 20, 6, 1.184332415450866, 28.948382244238164
16:37:16, 21, 5, 1.184320388967923, 28.950568972410984
16:37:16, 22, 5, 1.184568681545768, 28.948944545904524
16:37:17, 23, 5, 1.1839598982792525, 28.951037556833906
16:37:18, 24, 4, 1.1844062081910283, 28.946664099673363
16:37:18, 25, 5, 1.1841918062004946, 28.947976137420483
16:37:19, 26, 5, 1.184592043440551, 28.94653914367067
16:37:19, 27, 5, 1.1848965895143173, 28.945039671275154
16:37:20, 28, 5, 1.1844346429017465, 28.94585188557263
16:37:20, 29, 5, 1.184468062128068, 28.946882772666868
16:37:21, 30, 4, 1.1847487675173138, 28.94916321874931
16:37:21, 31, 4, 1.184744655259062, 28.94482099816145
16:37:22, 31, 3, 1.1844792894120448, 28.94697648965972
16:37:22, 32, 3, 1.1845074505992719, 28.94694525066239
16:37:23, 32, 3, 1.1846368871105464, 28.947101445646112
16:37:24, 33, 3, 1.1849015540880514, 28.94694525066239
16:37:24, 34, 3, 1.1849357052078968, 28.945883124580142
16:37:25, 34, 3, 1.184276979985586, 28.945914363587363
16:37:25, 35, 2, 1.1842653584561655, 28.94694525066239
16:37:26, 35, 2, 1.184467657400781, 28.948038615395635
16:37:26, 35, 2, 1.1845856592081, 28.94869463406445
16:37:27, 35, 2, 1.1842712075602408, 28.946320470654754
16:37:27, 35, 2, 1.1847054307962024, 28.94428993482594
16:37:28, 35, 2, 1.1837870459225042, 28.94625799264759
16:37:29, 35, 2, 1.1839391887486983, 28.945883124580142
16:37:29, 35, 2, 1.1841192073900164, 28.946289231651317
16:37:44, Going down
16:37:44, 35, 3, 1.1090130616142675, 28.927264624498786
16:37:44, 36, 4, 1.1028896069216645, 28.934512106617913
16:37:45, 38, 4, 1.0962024048388594, 28.932481563638284
16:37:45, 41, 4, 1.0880719036317106, 28.934199715470314
16:37:46, 44, 3, 1.0799814787076498, 28.9346683021808
16:37:47, 46, 3, 1.0717633731446008, 28.93210669403066
16:37:47, 48, 3, 1.064444125825641, 28.932793954945954
16:37:48, 49, 2, 1.0570081359353756, 28.93110704153878
16:37:48, 51, 2, 1.0498226161849225, 28.93391856341259
16:37:49, 52, 2, 1.0431412309575125, 28.931981737485476
16:37:49, 53, 2, 1.0370346140020876, 28.929357648960867
16:37:50, 54, 1, 1.0310598721787079, 28.93151315039955
16:37:50, 56, 2, 1.025301279119473, 28.930451019429018
16:37:51, 57, 2, 1.0201855220642608, 28.927983125580795
16:37:51, 58, 1, 1.015258458841638, 28.929326409799398
16:37:52, 60, 0, 1.011115227609983, 28.928889061508233
16:37:53, 57, 0, 1.0079522671489605, 28.927545777114428
16:37:53, 51, 1, 1.010936156555833, 28.927420820399274
16:37:54, 55, 0, 1.0111500660924921, 28.9274520595785
16:37:54, 60, 1, 1.0092028255325474, 28.926546123262813
16:37:55, 60, 0, 1.007652188198238, 28.929826236348017
16:37:55, 60, 0, 1.0092183247993303, 28.92842047399012
16:37:56, 60, 0, 1.0102641543746844, 28.93020110621059
16:37:56, 61, 0, 1.009701540569865, 28.929701279717847
16:37:57, 63, 0, 1.009985089442318, 28.926920993492093
16:37:58, 65, 0, 1.009596610223419, 28.926952232675976
16:37:58, 65, -1, 1.010237483365384, 28.928201799792586
16:37:59, 65, -1, 1.0109292360166326, 28.92917021398767
16:37:59, 64, -1, 1.0127711290077377, 28.92788940805709
16:38:00, 63, 0, 1.0148095531597023, 28.927295863679465
16:38:00, 62, -1, 1.017089645961776, 28.927264624498786
16:38:01, 62, 0, 1.0187005347512148, 28.926202492182494
16:38:01, 62, 0, 1.0203375941553674, 28.92788940805709
16:38:02, 62, 0, 1.0217662061248365, 28.92979499719091
16:38:03, 62, 0, 1.0233549506920903, 28.928201799792586
16:38:03, 62, 0, 1.0257973876151256, 28.929482605603845
16:38:04, 61, 0, 1.028831975199608, 28.929326409799398
16:38:04, 60, 1, 1.0316686958684007, 28.93035730197429
16:38:05, 59, 1, 1.0349443872694828, 28.9316381069622
16:38:05, 58, 1, 1.0382449003386602, 28.929545083923585
16:38:06, 58, 1, 1.0410101950076214, 28.927983125580795
16:38:06, 58, 2, 1.0446329787613693, 28.932231650571193
16:38:07, 57, 2, 1.047245482270763, 28.931856780935632
16:38:08, 56, 3, 1.05049043244103, 28.92854543066802
16:38:08, 55, 2, 1.0539122994536783, 28.93020110621059
16:38:09, 55, 2, 1.0566868770199784, 28.931669346102137
16:38:09, 56, 3, 1.059033326522782, 28.9335749330878
16:38:10, 57, 4, 1.0613314511711514, 28.931763063520194
16:38:10, 57, 4, 1.063638918530682, 28.933012628844008
16:38:11, 57, 4, 1.0663650438939005, 28.930950845810003
16:38:11, 56, 4, 1.0691343408794358, 28.931919259211135
16:38:12, 55, 4, 1.0721896281523342, 28.93479325862587
16:38:13, 54, 3, 1.0752866468799889, 28.933824846054776
16:38:13, 55, 4, 1.0770846263614697, 28.93035730197429
16:38:14, 56, 3, 1.079364218681144, 28.931200758972555
16:38:14, 57, 3, 1.0811704392691561, 28.932856433203998
16:38:15, 57, 3, 1.0832519619664722, 28.935511758094652
16:38:15, 58, 3, 1.085977032483679, 28.93516812793314
16:38:16, 57, 2, 1.0902121901605946, 28.932544041902148
16:38:16, 57, 2, 1.0956217228088787, 28.933949802531277
16:38:17, 57, 2, 1.100479424421047, 28.935605475405318
16:38:18, 57, 2, 1.1055060927293772, 28.937198669285863
16:38:18, 58, 2, 1.1101000166807216, 28.937386103810276
16:38:19, 59, 3, 1.1121615620836407, 28.93544927988609
16:38:19, 60, 3, 1.1158264574461623, 28.93579291001879
16:38:20, 60, 3, 1.1191487551397492, 28.934480867504462
16:38:20, 59, 4, 1.123325649239054, 28.935480518990516
16:38:21, 57, 5, 1.1282911518199323, 28.93563671450829
16:38:21, 54, 5, 1.1339257345620424, 28.937698494661017
16:38:22, 52, 5, 1.1392007849881518, 28.93813584180316
16:38:23, 52, 5, 1.1430234029984532, 28.9383857544302
16:38:23, 53, 5, 1.1460016560888544, 28.938354515352838
16:38:24, 56, 5, 1.1483216903080677, 28.937198669285863
16:38:24, 58, 5, 1.1502022993766363, 28.9366988438362
16:38:25, 59, 4, 1.1528654361148043, 28.93626149650663
16:38:25, 59, 4, 1.156202917077308, 28.938823101482704
16:38:26, 58, 5, 1.1604366251847524, 28.9388543405557
16:38:26, 55, 6, 1.1662644397907997, 28.936761322021486
16:38:27, 53, 6, 1.1713819202027074, 28.93707371293043
16:38:28, 52, 6, 1.177128402098395, 28.94163461688673
16:38:28, 51, 5, 1.1813556602532633, 28.944040022638948
16:38:29, 52, 7, 1.1863349706615791, 28.93716743019744
16:38:29, 55, 6, 1.1839810903707453, 28.938791862409417
16:38:30, 56, 8, 1.1817114310228005, 28.941009835889563
16:38:30, 59, 6, 1.1796800699417094, 28.93807336364349
16:38:31, 60, 7, 1.1780924956536514, 28.937885929157492
16:38:31, 62, 6, 1.1774441841431829, 28.940260098539294
16:38:32, 63, 6, 1.1763813978742677, 28.936792561113688
16:38:33, 64, 5, 1.1755692320829396, 28.940728684402856
16:38:33, 65, 5, 1.1755361577329777, 28.938823101482704
16:38:34, 66, 4, 1.175350276827615, 28.939073014058522
16:38:34, 67, 4, 1.175750465381367, 28.937823450993164
16:38:35, 67, 5, 1.1762449668744233, 28.940353815717245
16:38:35, 67, 5, 1.1766052273112702, 28.94051001100801
16:38:36, 68, 5, 1.1775855158369535, 28.938666906113358
16:38:36, 69, 5, 1.1780628768014172, 28.941915768297477
16:38:37, 70, 4, 1.1775575603325816, 28.93813584180316
16:38:38, 70, 4, 1.1784857959782278, 28.94007266417553
16:38:38, 71, 3, 1.178102503029737, 28.9413222264027
16:38:39, 72, 3, 1.1790826060601802, 28.939978946989722
16:38:39, 73, 3, 1.1787626735231944, 28.93729238654938
16:38:40, 74, 3, 1.1795674824596603, 28.938042124563218
16:38:40, 75, 3, 1.1793861382824984, 28.9413222264027
16:38:41, 76, 2, 1.1794877375571382, 28.940603728178974
16:38:41, 77, 2, 1.1799215492584936, 28.939760273545982
16:38:42, 79, 2, 1.1801350829277826, 28.940884879676158
16:38:43, 80, 1, 1.1805691067506805, 28.939447882887325
16:38:43, 82, 1, 1.1801476134538125, 28.937354864723602
16:38:44, 83, 1, 1.1802412097293917, 28.943227807902584
16:38:44, 84, 0, 1.1810020765078983, 28.940947357783443
16:38:45, 86, 1, 1.1812771972837701, 28.943040373704715
16:38:45, 88, 0, 1.1811196466568379, 28.942790461424593
16:38:46, 89, -2, 1.180556972095872, 28.941884529253002
16:38:46, 90, -3, 1.180107292937791, 28.939885229801295
16:38:47, 90, -3, 1.1805567702449054, 28.942446832009008
16:38:47, 91, -2, 1.1810643639689786, 28.939947707927203
16:38:48, 91, -1, 1.1805398578350348, 28.94250931008719
16:38:49, 91, -1, 1.1809563207969251, 28.94294665660185
16:38:49, 91, -1, 1.180878205877457, 28.940978596836647
16:38:50, 91, -1, 1.181081443891312, 28.939416643819857
16:38:50, 91, -1, 1.1806657238760998, 28.936917517479596
16:38:51, 91, -2, 1.1804335837656539, 28.940572489122278
16:38:51, 91, -2, 1.1805347213307391, 28.94113479209831
16:38:52, 91, -1, 1.1801183054592448, 28.940572489122278
16:38:52, 91, 1, 1.1793135588345398, 28.93963531728601
16:38:53, 91, 1, 1.1790259101845209, 28.941072313994518
16:38:54, 91, 1, 1.1782889974694215, 28.9393854047521
16:38:54, 92, 1, 1.1776523672882755, 28.940603728178974
16:38:55, 92, 1, 1.1774334501327903, 28.938823101482704
16:38:55, 92, 1, 1.177600270075718, 28.944508607974274
16:38:56, 92, 0, 1.177217508888386, 28.94428993482594
16:39:10, Going down
16:39:10, 93, 1, 1.095931215606246, 28.923953269696213
16:39:11, 93, 1, 1.0884006252011806, 28.930326062822132
16:39:11, 94, 2, 1.0806154463682263, 28.92879534400985
16:39:12, 95, 2, 1.0737358415135183, 28.92873286567614
16:39:13, 95, 1, 1.0662304648876768, 28.930076149594388
16:39:13, 96, 1, 1.0587041406360602, 28.928857822342398
16:39:14, 97, 1, 1.0518134802129815, 28.92848295232965
16:39:14, 98, 1, 1.043898143084858, 28.928201799792586
16:39:15, 100, 1, 1.0370392461488933, 28.93082588922174
16:39:15, 100, 1, 1.0297432683771246, 28.93038854112616
16:39:16, 101, 0, 1.024080577051078, 28.929076496497146
16:39:16, 101, 0, 1.0178773670203118, 28.92788940805709
16:39:17, 101, 0, 1.011977118960977, 28.928170560620348
16:39:18, 96, -1, 1.0078288999943315, 28.926889754307922
16:39:18, 100, -2, 1.0112031986744374, 28.924109465750952
16:39:19, 104, 0, 1.0105577136181145, 28.929107735660946
16:39:19, 108, 1, 1.0087564941991884, 28.928670387341263
16:39:20, 107, 0, 1.0078061481300253, 28.92720214613655
16:39:20, 105, 0, 1.0093086334912167, 28.928108082274992
16:39:21, 106, -1, 1.0100622658487177, 28.929138974824454
16:39:21, 106, 0, 1.0081072285429886, 28.931138280683662
16:39:22, 104, -1, 1.009166984474439, 28.929326409799398
16:39:23, 105, -2, 1.0098090161814297, 28.929014018168672
16:39:23, 105, -3, 1.0082463415657308, 28.925765143483876
16:39:24, 105, -3, 1.008453528886146, 28.927264624498786
16:39:24, 106, -3, 1.0090604117737187, 28.92879534400985
16:39:25, 108, -2, 1.0089769845935614, 28.927420820399274
16:39:25, 110, -2, 1.0088272928478867, 28.93188802007353
16:39:26, 112, -2, 1.0088528737605114, 28.927764451354744
16:39:26, 112, -2, 1.0098759729112394, 28.929826236348017
16:39:27, 111, -2, 1.0115109718389121, 28.926639840824063
16:39:28, 109, -1, 1.0137264370640147, 28.930294823669684
16:39:28, 107, -1, 1.0166410411290547, 28.932575281033643
16:39:29, 106, -1, 1.0197320412497546, 28.93229412883971
16:39:29, 106, -1, 1.0218778891559073, 28.931075802393607
16:39:30, 107, -1, 1.0236294818241651, 28.930076149594388
16:39:30, 108, -1, 1.0251160016653116, 28.929732518875827
16:39:31, 109, -1, 1.0265680815263893, 28.930326062822132
16:39:31, 109, -1, 1.0293658731185442, 28.930669693479867
16:39:32, 109, -1, 1.032466862163204, 28.932200411436497
16:39:33, 108, -1, 1.0355857857969553, 28.932231650571193
16:39:33, 107, -1, 1.0388293265632635, 28.931138280683662
16:39:34, 107, -1, 1.0427236838544074, 28.93338749835035
16:39:34, 107, -1, 1.04609476663203, 28.93523060614694
16:39:35, 108, -1, 1.0489052099180873, 28.93351245484315
16:39:35, 108, -1, 1.0521083297839864, 28.933949802531277
16:39:36, 109, -1, 1.0548729837292365, 28.93335625922642
16:39:36, 109, -1, 1.0583238627064975, 28.933731128694344
16:39:37, 109, -1, 1.0616225453621804, 28.93441838927669
16:39:38, 108, -1, 1.0657498716564346, 28.933418737473986
16:39:38, 108, -1, 1.0699087057139818, 28.936136540116276
16:39:39, 108, -1, 1.073619790092362, 28.934512106617913
16:39:39, 108, -1, 1.0764919780268971, 28.932918911460874
16:39:40, 109, -1, 1.080409132361984, 28.935043171502038
16:39:40, 110, -1, 1.083661902678953, 28.937323625636637
16:39:41, 111, -1, 1.0873450454811524, 28.935261845253407
16:39:41, 112, -2, 1.090660743621676, 28.935824149120016
16:39:42, 112, -2, 1.0945614967273498, 28.937229908373993
16:39:43, 112, -3, 1.0986946591678448, 28.935761670917273
16:39:43, 112, -3, 1.102910396869138, 28.93776097282767
16:39:44, 112, -3, 1.106653992250967, 28.938354515352838
16:39:44, 112, -3, 1.1105957884853097, 28.93673008292899
16:39:45, 113, -3, 1.1142107842671722, 28.935574236302056
16:39:45, 114, -3, 1.1169507646912817, 28.939135492199565
16:39:46, 115, -3, 1.1209376467577452, 28.937354864723602
16:39:46, 115, -3, 1.1247042508064005, 28.936979995660803
16:39:47, 115, -4, 1.1286268839394775, 28.939978946989722
16:39:48, 115, -4, 1.1328498064587003, 28.939010535916314
16:39:48, 114, -3, 1.1372071742878873, 28.939479121954502
16:39:49, 114, -3, 1.1418297856547932, 28.93854194981264
16:39:49, 113, -3, 1.1458509976859241, 28.935261845253407
16:39:50, 114, -3, 1.148742672066064, 28.94013514229795
16:39:50, 115, -3, 1.1515926648686345, 28.937229908373993
16:39:51, 115, -3, 1.1539447982553874, 28.940041425113886
16:39:51, 116, -3, 1.1557460887117317, 28.9407599234581
16:39:52, 116, -3, 1.158555304560693, 28.94110355304656
16:39:53, 115, -3, 1.1606784735270559, 28.939447882887325
16:39:53, 116, -3, 1.1618436489817876, 28.94001018605195
16:39:54, 117, -3, 1.1624231108475886, 28.941072313994518
16:39:54, 114, -2, 1.1633576248014363, 28.941228509251815
16:39:55, 112, -1, 1.1660532351210888, 28.944164978734772
16:39:55, 111, -1, 1.1677037861608566, 28.941697094980047
16:39:56, 109, -1, 1.1699676492851578, 28.940103903236885
16:39:56, 108, -1, 1.1716569580116494, 28.939260448478162
16:39:57, 107, 0, 1.1726740973579632, 28.944258695803583
16:39:58, 107, 0, 1.1745280480088787, 28.939760273545982
16:39:58, 106, 1, 1.1748598788700408, 28.9406662062915
16:39:59, 105, 1, 1.1756988023067454, 28.94051001100801
16:39:59, 102, 5, 1.1779450003717464, 28.940947357783443
16:40:00, 98, 4, 1.1809171121942068, 28.942384353929665
16:40:00, 97, 2, 1.1818235854930315, 28.942259397767483
16:40:01, 97, 1, 1.1819075127488006, 28.943727632379012
16:40:01, 98, 3, 1.180832505583355, 28.942821700460627
16:40:02, 97, 4, 1.179530994295551, 28.945539495481498
16:40:03, 98, 4, 1.1789970922612487, 28.942915417566983
16:40:03, 97, 3, 1.178383274603331, 28.94332152499759
16:40:04, 97, 3, 1.1778540998062732, 28.943196568870334
16:40:04, 97, 4, 1.1775627218709475, 28.939416643819857
16:40:05, 96, 5, 1.1775392537707805, 28.942009485429153
16:40:05, 95, 5, 1.178169960353358, 28.941603377839638
16:40:06, 94, 5, 1.1784458863135359, 28.941447182599806
16:40:06, 93, 5, 1.1786658413417634, 28.94038505477598
16:40:07, 93, 5, 1.179194515424613, 28.941884529253002
16:40:07, 92, 5, 1.1802018334220787, 28.94313409080496
16:40:08, 91, 6, 1.1805344297196276, 28.94194700734166
16:40:09, 91, 6, 1.1807814548803404, 28.943883827512618
16:40:09, 91, 6, 1.1807878687200717, 28.941697094980047
16:40:10, 91, 6, 1.1803989620618938, 28.942915417566983
16:40:10, 91, 6, 1.1799315708145357, 28.943196568870334
16:40:11, 91, 6, 1.1797856752481868, 28.941853290208236
16:40:11, 91, 6, 1.1794575893913597, 28.946133036629764
16:40:12, 91, 6, 1.1791150280834495, 28.943727632379012
16:40:12, 92, 6, 1.1786586796538032, 28.944602325033483
16:40:13, 92, 6, 1.1787494063153272, 28.942821700460627
16:40:14, 92, 6, 1.1788226983010481, 28.94254054912584
16:40:14, 92, 6, 1.1787937548008827, 28.944727281108353
16:40:15, 91, 6, 1.1787823360492111, 28.945164627333725
16:40:15, 91, 6, 1.1791209974984962, 28.942790461424593
16:40:16, 91, 6, 1.178794571001902, 28.942478071048246
16:40:16, 91, 6, 1.1789190652564134, 28.940728684402856
16:40:17, 91, 6, 1.1794589554204074, 28.942353114889556
16:40:17, 91, 6, 1.1795032504308203, 28.944414890912448
16:40:18, 91, 6, 1.1794918662379976, 28.944758520126342
16:40:19, 90, 7, 1.1797519404141072, 28.941728334026266
16:40:19, 90, 7, 1.1799584153419704, 28.94682029467018
16:40:20, 90, 7, 1.1798634251918494, 28.94482099816145
16:40:20, 90, 7, 1.1796216048689414, 28.94407126166334
16:40:21, 90, 7, 1.1799534943075114, 28.944852237178566
16:40:21, 90, 7, 1.1802576279139279, 28.944539846994303
16:40:22, 90, 7, 1.179300603682582, 28.944321173848003
16:40:22, 90, 7, 1.1790694787660096, 28.94513338831952
16:40:37, Going down
16:40:37, 90, 6, 1.1045376164407306, 28.926796036753657
16:40:38, 90, 6, 1.0969563127732669, 28.93338749835035
16:40:38, 91, 5, 1.0884835558361807, 28.933012628844008
16:40:39, 92, 5, 1.0799703100737907, 28.934512106617913
16:40:39, 93, 5, 1.0722128986450536, 28.93354369396562
16:40:40, 93, 5, 1.064093333281455, 28.935605475405318
16:40:40, 93, 6, 1.0574113858298666, 28.93441838927669
16:40:41, 92, 6, 1.05123610208194, 28.933325020102203
16:40:41, 91, 6, 1.0447387048685275, 28.93410599812036
16:40:42, 91, 6, 1.0392712825072286, 28.935293084359582
16:40:43, 91, 6, 1.033509911683433, 28.929982432129183
16:40:43, 91, 6, 1.0273889433300436, 28.93188802007353
16:40:44, 92, 6, 1.0218030963258893, 28.933325020102203
16:40:44, 94, 6, 1.016242794396482, 28.930544736881128
16:40:45, 88, 6, 1.0157576966984516, 28.931825541797444
16:40:45, 85, 2, 1.0157240538157646, 28.9316381069622
16:40:46, 84, 1, 1.0166532294296706, 28.93129447640371
16:40:46, 87, 0, 1.0153365487365151, 28.930326062822132
16:40:47, 90, 0, 1.0139516535252888, 28.930263584516943
16:40:48, 93, 1, 1.0133903395169144, 28.927983125580795
16:40:48, 95, 7, 1.0117427789940259, 28.932950150588876
16:40:49, 99, 8, 1.0096935742658164, 28.932856433203998
16:40:49, 99, 4, 1.0079791604367403, 28.929232692313235
16:40:50, 89, 2, 1.0099781420657974, 28.928701626508847
16:40:50, 88, 8, 1.012177978330577, 28.93063845433062
16:40:51, 90, 8, 1.0094258639699738, 28.929451366443537
16:40:51, 91, 6, 1.0079089743611023, 28.932762715816498
16:40:52, 90, 7, 1.0091048941333027, 28.929545083923585
16:40:53, 89, 8, 1.0110282918729603, 28.932262889705598
16:40:53, 88, 8, 1.0128535368078955, 28.930669693479867
16:40:54, 87, 8, 1.0148990151528021, 28.928139321447816
16:40:54, 87, 9, 1.016218959679219, 28.932356607107067
16:40:55, 86, 9, 1.017842098771009, 28.92995119297353
16:40:55, 85, 9, 1.0194964175286985, 28.931138280683662
16:40:56, 85, 9, 1.0218998515022315, 28.931856780935632
16:40:56, 83, 10, 1.0238419761103161, 28.93210669403066
16:40:57, 82, 10, 1.026118309936973, 28.929451366443537
16:40:58, 81, 10, 1.0290947257586653, 28.931981737485476
16:40:58, 80, 10, 1.0319163657208321, 28.930419780277735
16:40:59, 79, 11, 1.0341724540102961, 28.932575281033643
16:40:59, 78, 11, 1.0364430991312414, 28.92991995381759
16:41:00, 77, 11, 1.0392459566252594, 28.93110704153878
16:41:00, 77, 11, 1.042154794734186, 28.933793606934923
16:41:01, 76, 11, 1.044711465813435, 28.93273147668675
16:41:01, 76, 11, 1.0479890126193252, 28.931263237260282
16:41:02, 75, 11, 1.0509669616717336, 28.9316381069622
16:41:03, 74, 12, 1.0548441149179952, 28.934480867504462
16:41:03, 74, 12, 1.0581716188230148, 28.93410599812036
16:41:04, 73, 12, 1.0613464853329377, 28.934730780403914
16:41:04, 73, 12, 1.0645576620388193, 28.94038505477598
16:41:05, 73, 12, 1.0675162023486888, 28.93579291001879
16:41:05, 73, 12, 1.0705292051845179, 28.9341372372373
16:41:06, 73, 12, 1.0745642910621749, 28.93673008292899
16:41:06, 73, 12, 1.0778701392268657, 28.934886975956616
16:41:07, 72, 12, 1.0808538036358, 28.935199367040187
16:41:08, 71, 13, 1.0848056550237073, 28.93579291001879
16:41:08, 71, 13, 1.08846372056808, 28.938229559040483
16:41:09, 71, 13, 1.091764014506922, 28.9361677792143
16:41:09, 70, 13, 1.0948665959185633, 28.935261845253407
16:41:10, 70, 13, 1.0984125367529818, 28.936917517479596
16:41:10, 70, 13, 1.101965285835862, 28.936417691988026
16:41:11, 70, 14, 1.1063336100923853, 28.937354864723602
16:41:11, 70, 14, 1.1099016616173747, 28.939916468864393
16:41:12, 70, 14, 1.113675768420114, 28.93591786642195
16:41:13, 70, 14, 1.1187632055159442, 28.939947707927203
16:41:13, 70, 14, 1.1231429658610672, 28.9406662062915
16:41:14, 70, 13, 1.1274162331615416, 28.940416293834424
16:41:14, 69, 13, 1.1313555411429979, 28.943977544589288
16:41:15, 69, 14, 1.1359171979863825, 28.941041074942188
16:41:15, 71, 14, 1.140016255544299, 28.94007266417553
16:41:16, 74, 14, 1.1444014201948454, 28.941384704501832
16:41:16, 77, 13, 1.1482015219675994, 28.941697094980047
16:41:17, 79, 12, 1.1526275974949545, 28.939541600087978
16:41:18, 81, 11, 1.1566690048576231, 28.941728334026266
16:41:18, 81, 12, 1.1606654620599572, 28.94379011043333
16:41:19, 82, 12, 1.1643325246222131, 28.938916818700818
16:41:19, 84, 10, 1.1657827740330853, 28.944727281108353
16:41:20, 86, 10, 1.1666733772876092, 28.942009485429153
16:41:20, 87, 10, 1.1672132732045748, 28.943508959179745
16:41:21, 88, 10, 1.1693807298281398, 28.943758871406317
16:41:21, 89, 10, 1.1703546976743147, 28.94382134946005
16:41:22, 89, 9, 1.1722415295878688, 28.941759573072193
16:41:23, 91, 9, 1.1735875639421707, 28.94051001100801
16:41:23, 93, 9, 1.1744880098469714, 28.941447182599806
16:41:24, 95, 8, 1.1761927998219568, 28.944414890912448
16:41:24, 94, 11, 1.178563207696911, 28.943946305564022
16:41:25, 94, 16, 1.1809722937154985, 28.945508256470784
16:41:25, 96, 12, 1.1814396421071258, 28.94535206141285
16:41:26, 99, 13, 1.1803824312960405, 28.941915768297477
16:41:26, 102, 15, 1.1793791754333047, 28.945008432259783
16:41:27, 104, 13, 1.1783154416849464, 28.94407126166334
16:41:28, 106, 12, 1.1772852407027672, 28.94382134946005
16:41:28, 107, 13, 1.1773691419825267, 28.94532082240039
16:41:29, 108, 13, 1.1766938714277209, 28.944414890912448
16:41:29, 108, 12, 1.1763168213388322, 28.943977544589288
16:41:30, 108, 12, 1.1758879481290654, 28.946664099673363
16:41:30, 108, 12, 1.1761485315672744, 28.942321875849156
16:41:31, 107, 12, 1.1764468636275331, 28.942478071048246
16:41:31, 107, 12, 1.1762490078974703, 28.9446648030715
16:41:32, 106, 12, 1.1769597777706111, 28.940884879676158
16:41:33, 105, 12, 1.1786974546501527, 28.9463517096579
16:41:33, 104, 14, 1.1794689962133595, 28.94572692953967
16:41:34, 103, 16, 1.180370205854688, 28.944602325033483
16:41:34, 105, 14, 1.1798117750297359, 28.94753879156182
16:41:35, 105, 15, 1.1792273456302889, 28.944508607974274
16:41:35, 106, 15, 1.1786079413788888, 28.94478975914404
16:41:36, 105, 17, 1.1786458199965653, 28.949007023861633
16:41:36, 106, 15, 1.1791574558212923, 28.95094383995456
16:41:37, 108, 14, 1.1789900243979665, 28.946882772666868
16:41:37, 108, 15, 1.17986925790754, 28.944258695803583
16:41:38, 108, 15, 1.1809388602870432, 28.944539846994303
16:41:39, 109, 14, 1.1804888513402494, 28.94344648112019
16:41:39, 110, 13, 1.1798916316027241, 28.9446648030715
16:41:40, 110, 14, 1.1790420982973664, 28.94300913467072
16:41:40, 110, 15, 1.1791370277794269, 28.945164627333725
16:41:41, 109, 16, 1.179221862588471, 28.94410250068744
16:41:41, 108, 17, 1.1798179907725135, 28.945914363587363
16:41:42, 108, 18, 1.18022325231109, 28.946195514639257
16:41:42, 109, 18, 1.179734543260452, 28.94313409080496
16:41:43, 109, 17, 1.1794305909075111, 28.94294665660185
16:41:44, 109, 17, 1.1791543589730682, 28.943946305564022
16:41:44, 109, 17, 1.1791541553804297, 28.944508607974274
16:41:45, 108, 17, 1.1794926450693117, 28.942603027202278
16:41:45, 108, 16, 1.1802234882530114, 28.945539495481498
16:41:46, 109, 16, 1.1797508021913543, 28.94488347619539
16:41:46, 109, 16, 1.1791825768873483, 28.943758871406317
16:41:47, 109, 16, 1.1793112196597009, 28.94610179762458
16:41:47, 108, 18, 1.179800345957264, 28.948007376408203
16:41:48, 108, 17, 1.1796379198017308, 28.94566445152144
16:41:49, 108, 18, 1.1800273258625005, 28.94307161273842
16:41:49, 109, 18, 1.179474332775156, 28.94653914367067
16:47:13, Boot
16:47:13, Waiting 20 seconds
16:47:37, Going down
16:47:37, 0, 0, 1.0166083172796576, 28.907833797726198
16:47:38, -1, 0, 1.0167789830407266, 28.913144485035446
16:47:38, -2, 0, 1.0165385272285512, 28.918673838766846
16:47:39, -2, -1, 1.016867041898623, 28.91592478268416
16:47:39, -3, -1, 1.0171243774183187, 28.918174010555813
16:47:40, -3, -1, 1.0177706175820382, 28.919798451969253
16:47:40, -4, -1, 1.0190091984770047, 28.919735973467905
16:47:41, -5, -2, 1.0189390551887707, 28.92332848540449
16:47:42, -6, -2, 1.0197566931373225, 28.921485371065646
16:47:42, -7, -2, 1.0206417018930019, 28.919892169719095
16:47:43, -9, -2, 1.0215558640984836, 28.92476548910141
16:47:43, -10, -3, 1.022805451062081, 28.925077881127944
16:47:44, -11, -3, 1.0240735227931324, 28.923141050094273
16:47:44, -12, -4, 1.024995543904444, 28.924921685118317
16:47:45, -13, -4, 1.0264453395603537, 28.920735629349803
16:47:45, -14, -5, 1.027701998763806, 28.927014711042865
16:47:46, -14, -6, 1.0279699443287507, 28.92223511261385
16:47:47, -14, -6, 1.0293399439001973, 28.927483298757434
16:47:47, -13, -6, 1.030804213199478, 28.926733558382693
16:47:48, -11, -7, 1.03162534235669, 28.92792064723195
16:47:48, -9, -8, 1.03326282210723, 28.929076496497146
16:47:49, -9, -8, 1.035056183458857, 28.924578053871517
16:47:49, -9, -9, 1.0381835008965532, 28.92876410484314
16:47:50, -9, -9, 1.0423368698653588, 28.930919606663373
16:47:50, -10, -9, 1.046780135383895, 28.92892030067378
16:47:51, -10, -10, 1.0522057925164028, 28.931231998116562
16:47:52, -10, -10, 1.057766998719427, 28.932950150588876
16:47:52, -10, -10, 1.0627594921593726, 28.934886975956616
16:47:53, -10, -11, 1.0687736114800919, 28.932606520164846
16:47:53, -11, -12, 1.073531224970896, 28.931981737485476
16:47:54, -12, -12, 1.0790138503100541, 28.93344997659733
16:47:54, -14, -13, 1.084829946053519, 28.93270023755671
16:47:55, -16, -14, 1.091479904192796, 28.930763410925866
16:47:55, -18, -14, 1.0987188035459285, 28.932762715816498
16:47:56, -18, -13, 1.104072232150807, 28.933856085174337
16:47:57, -15, -14, 1.0990117935371404, 28.932325367973537
16:47:57, -18, -13, 1.1006542705365847, 28.935011932393536
16:47:58, -23, -12, 1.1031382029146373, 28.932856433203998
16:47:58, -27, -10, 1.1048734904681257, 28.930419780277735
16:47:59, -27, -9, 1.1058185809949566, 28.931794302658965
16:47:59, -25, -8, 1.1059696348682084, 28.933606172209693
16:48:00, -21, -8, 1.106515979159903, 28.933137585350778
16:48:00, -16, -8, 1.1065563710298585, 28.931263237260282
16:48:01, -12, -8, 1.107905988672817, 28.934230954586383
16:48:01, -11, -8, 1.1109345802258017, 28.93479325862587
16:48:02, -12, -7, 1.115985431143412, 28.933137585350778
16:48:03, -14, -7, 1.1224707738387933, 28.933699889573617
16:48:03, -16, -6, 1.1299799472148, 28.936011583721264
16:48:04, -17, -6, 1.1360930156353157, 28.938229559040483
16:48:04, -15, -6, 1.1421461185286612, 28.9361677792143
16:48:05, -13, -7, 1.1467900243686107, 28.937948407320654
16:48:05, -11, -7, 1.1513846093050488, 28.936636365649758
16:48:06, -10, -7, 1.156315593468518, 28.938635667038614
16:48:06, -12, -8, 1.1619456264815249, 28.93841699350727
16:48:07, -14, -8, 1.1684706818026502, 28.93854194981264
16:48:08, -17, -8, 1.1754515233727354, 28.939322926615713
16:48:08, -19, -9, 1.1825004474498901, 28.93869814518781
16:48:09, -12, -8, 1.1862321605080255, 28.941415943550965
16:48:09, -8, -10, 1.184808725393401, 28.93869814518781
16:48:10, -11, -12, 1.1835985510508302, 28.937948407320654
16:48:10, -15, -7, 1.1855289346289075, 28.939916468864393
16:48:11, -16, -8, 1.186401330093992, 28.940634967235383
16:48:11, -18, -6, 1.1866387816654933, 28.93776097282767
16:48:12, -19, -5, 1.1869425073159838, 28.938604427963583
16:48:13, -20, -7, 1.1866102650042936, 28.938823101482704
16:48:13, -21, -6, 1.186306637164836, 28.937698494661017
16:48:14, -22, -6, 1.1874098679188303, 28.9383857544302
16:48:14, -22, -7, 1.1872129167054273, 28.93810460272347
16:48:15, -22, -9, 1.1864199167353122, 28.935730431815465
16:48:15, -22, -11, 1.1866212766704032, 28.939541600087978
16:48:16, -22, -11, 1.1865769819447478, 28.937386103810276
16:48:16, -22, -11, 1.186981335495177, 28.9402913375989
16:48:17, -22, -9, 1.1870831590962017, 28.938885579628405
16:48:18, -22, -8, 1.1872461266340173, 28.939760273545982
16:48:18, -22, -7, 1.185782130988348, 28.940353815717245
16:48:19, -17, -28, 1.1803268164971048, 28.94001018605195
16:48:19, 8, -23, 1.1629137650406298, 28.93894805777294
16:48:20, -1, -18, 1.1593895182837588, 28.93869814518781
16:48:20, 2, -23, 1.1543742795764753, 28.936199018312035
16:48:21, -5, -28, 1.1315457507132747, 28.934543345731072
16:48:21, -9, -42, 1.1128943581218254, 28.9336686504526
16:48:22, 0, -59, 1.092501689506469, 28.935886627321597
16:48:23, 0, -55, 1.0633234322220313, 28.93335625922642
16:48:23, -3, -55, 1.0358006371210964, 28.930888367516456
16:48:24, -7, -59, 1.013599397028647, 28.926952232675976
16:48:24, 0, -69, 1.0050148691939944, 28.925733904288936
16:48:25, 4, -68, 1.0054474720864108, 28.926920993492093
16:48:25, 1, -60, 1.005002952657293, 28.926608601637273
16:48:26, 12, -61, 1.0051172608093468, 28.924328140215366
16:48:26, 10, -61, 1.0051454565460802, 28.92426566179842
16:48:27, 18, -43, 1.0052086033795418, 28.922641222549135
16:48:28, 32, -41, 1.0051809471682607, 28.921985198783076
16:48:28, 38, -39, 1.0051097545954135, 28.919329863180756
16:48:29, 50, -36, 1.0051635182296899, 28.91520627901831
16:48:29, 49, -42, 1.0046908859460963, 28.914862646775873
16:48:30, 51, -46, 1.0050097136257006, 28.910114270365884
16:48:30, 52, -51, 1.0051708143524252, 28.905490844768792
16:48:31, 51, -49, 1.0052213628178355, 28.90564704168355
16:48:31, 54, -53, 1.0048884521584809, 28.8991804833278
16:48:32, 55, -49, 1.005250426125028, 28.896931242715656
16:48:33, 55, -49, 1.0053092538469048, 28.893557378968545
16:48:51, Going down
16:48:51, 53, -32, 1.005068989825331, 28.83876285729915
